,pID,Budget,Overall Deadline,Budget Elapsed,Time Elapsed,Proportion Subdeadlines Met,Commits,Defect Fix Rate,Team Communication,Team Commitment,Team Morale,Project Planning,Top-Level Management Support,Average Team Experience,Finance Success,Timescale Success,Team Success,Management Success,Code Success,Success
0,0,2300000,356,0.252455652173913,0.3707865168539326,0.0,550,0.992633517495396,2.35,3.0,1.14,4.45,3.87,3.090909090909091,0,0,0,0,1,0
0,1,5000000,647,0.1928192,0.7650695517774343,0.0,529,0.9986807387862797,3.92,4.92,2.39,1.41,3.83,4.0,0,0,0,0,0,0
0,2,1840000,207,2.9928407608695653,1.5217391304347827,0.0,6400,0.997690773590847,1.23,1.61,1.19,1.64,3.0810253580530618,2.682926829268293,0,0,0,0,1,0
0,3,1940000,999,0.2332938144329897,0.07407407407407407,1.0,1875,0.9908707865168539,3.53,3.67,4.97,2.45,2.07,2.625,1,1,1,1,1,1
0,4,1960000,988,0.3181984693877551,0.10931174089068826,1.0,661,0.9942196531791907,2.95,1.54,1.85,1.34,4.65,2.4615384615384617,1,1,0,1,1,1
0,5,4360000,329,0.12647224770642201,0.6109422492401215,0.0,729,0.9990448901623686,2.72,2.74,2.36,3.08,4.98,3.25,1,0,1,0,1,1
0,6,3570000,298,0.31723249299719886,0.40604026845637586,1.0,4034,0.9958132045088567,1.44,1.49,4.94,3.43,1.92,3.3636363636363638,1,1,1,1,1,1
0,7,4090000,333,0.04819779951100245,0.14714714714714713,1.0,590,0.9890310786106032,3.43,4.68,3.67,2.35,2.59,3.0,1,1,1,1,1,1
0,8,580000,172,0.5641948275862069,0.9825581395348837,0.0,425,0.9984276729559748,1.43,3.25,2.59,4.91,3.66,3.0,0,0,0,0,1,0
0,9,1780000,224,0.7858808988764044,2.84375,0.0,1229,0.9967284623773174,1.11,1.58,4.01,1.26,1.7795037901177329,5.0,0,0,0,0,0,0
0,10,3000000,303,0.2828313333333333,0.42244224422442245,0.6666666666666666,1682,0.9955982392957183,3.59,2.23,2.32,4.63,3.31,2.888888888888889,1,1,1,1,1,1
0,11,1760000,713,0.07872386363636363,0.13604488078541374,0.0,492,0.9879154078549849,3.55,2.22,4.36,3.15,1.74,1.3333333333333333,1,1,1,1,1,1
0,12,180000,621,0.5179333333333334,0.04508856682769726,0.0,338,0.8759398496240601,3.4,4.2,4.4,3.42,4.45,3.142857142857143,0,1,1,1,1,1
0,13,3780000,252,0.04713756613756614,0.21428571428571427,1.0,625,0.9968602825745683,4.79,2.75,3.62,2.78,3.01,2.3636363636363638,1,1,1,1,1,1
0,14,4590000,398,0.00011002178649237472,0.02512562814070352,0.0,0,0.0,1.9,2.07,2.07,4.64,2.92,3.6666666666666665,1,1,0,1,1,1
0,15,1240000,987,1.078783064516129,0.779128672745694,0.0,802,0.997270245677889,3.08,1.55,2.29,1.93,2.614137995446357,3.0,0,0,0,0,0,0
0,16,3380000,804,0.2975251479289941,0.35572139303482586,1.0,2463,0.9995782370307887,1.94,1.07,3.64,2.73,4.08,2.8333333333333335,1,1,0,1,1,1
0,17,3760000,134,6.196808510638297e-05,0.04477611940298507,0.0,0,0.0,2.51,3.38,1.41,3.07,1.7,4.0,0,0,0,0,0,0
0,18,2400000,670,0.25912083333333336,0.44029850746268656,1.0,1171,1.0,1.06,2.0,4.79,1.67,4.14,2.5,1,1,1,1,1,1
0,19,710000,403,1.350730985915493,0.2803970223325062,1.0,3726,0.9939089931924041,3.85,3.66,4.29,3.03,2.5187868853857664,3.0952380952380953,0,1,1,1,1,1
0,20,3270000,876,0.22153455657492355,0.341324200913242,1.0,1197,0.9964912280701754,2.98,3.4,4.41,2.55,3.26,4.5,1,1,1,1,1,1
0,21,550000,262,0.8747672727272727,0.22900763358778625,0.6666666666666666,969,0.9834289356277884,4.7,3.3,2.61,4.07,2.23,2.84375,0,1,1,1,1,1
0,22,430000,569,0.615806976744186,0.05975395430579965,0.0,526,0.9701670644391408,4.64,3.92,2.7,3.52,4.34,3.0217391304347827,0,1,1,1,1,1
0,23,3580000,822,0.09855949720670391,0.07420924574209246,1.0,370,0.9871086556169429,2.16,1.64,1.2,4.09,2.95,3.0526315789473686,0,1,0,1,1,0
0,24,3040000,499,0.04906809210526316,0.26452905811623245,0.8333333333333334,698,0.9979338842975206,1.97,3.16,4.84,3.68,4.69,1.6666666666666667,1,1,1,1,1,1
0,25,2910000,229,0.28389690721649485,0.3799126637554585,0.75,2606,0.9914807302231238,3.96,2.34,3.22,3.12,4.34,3.0,1,1,1,1,1,1
0,26,2760000,619,0.23379384057971014,0.12277867528271405,1.0,2121,0.9914163090128756,2.08,4.78,3.18,3.75,1.3,2.769230769230769,1,1,1,1,1,1
0,27,1730000,871,0.3814150289017341,0.11595866819747416,1.0,2114,0.9917981072555205,2.4,2.46,4.0,2.59,3.01,3.1666666666666665,1,1,1,1,1,1
0,28,2000000,578,0.1976685,0.07439446366782007,1.0,645,0.9816810344827587,3.8,2.79,2.38,2.66,3.16,3.6956521739130435,1,1,1,1,1,1
0,29,2620000,272,0.06643931297709924,0.4375,0.0,189,0.98989898989899,2.62,3.26,2.9,4.75,2.22,2.5,1,0,1,0,1,1
0,30,4070000,474,0.46702727272727274,0.4472573839662447,1.0,5317,0.998347410943812,2.55,3.85,3.3,1.29,3.63,2.9444444444444446,1,1,1,1,1,1
0,31,1930000,996,0.187060103626943,0.14859437751004015,1.0,208,1.0,1.31,1.71,1.95,1.66,4.19,2.6666666666666665,0,0,0,0,1,0
0,32,2390000,953,0.1612723849372385,0.14375655823714587,1.0,685,0.9943767572633552,4.81,4.07,2.77,4.11,4.25,3.142857142857143,1,1,1,1,1,1
0,33,690000,315,1.1774,0.18412698412698414,1.0,2740,0.98914223669924,4.02,3.28,3.45,1.18,1.914613932054992,2.5945945945945947,0,1,1,1,1,1
0,34,2640000,875,0.2719871212121212,0.35314285714285715,1.0,1114,0.9976076555023924,1.95,4.05,2.65,3.69,1.58,2.5,1,1,1,1,1,1
0,35,310000,871,0.275158064516129,0.04247990815154994,0.0,48,0.9779005524861878,3.12,3.58,1.76,2.75,1.76,3.1666666666666665,0,1,1,1,1,1
0,36,2140000,125,0.6036191588785047,0.736,1.0,5746,0.9941369606003753,2.59,3.43,4.37,2.77,1.89,2.7777777777777777,1,1,1,1,1,1
0,37,2320000,856,0.022162068965517243,0.012850467289719626,0,188,0.7948717948717948,3.79,1.59,3.92,1.1,1.47,2.404255319148936,0,0,0,0,0,0
0,38,3590000,554,0.28893036211699163,0.1407942238267148,1.0,4011,0.9889038332212509,3.37,2.56,4.03,2.39,4.07,3.2580645161290325,1,1,1,1,1,1
0,39,2200000,862,0.31608454545454545,0.052204176334106726,0.0,743,0.9921550530687586,4.55,1.16,1.94,1.54,3.08,2.7837837837837838,1,1,1,1,1,1
0,40,2070000,776,0.14918840579710144,0.10309278350515463,1.0,282,0.998769987699877,2.44,2.06,1.66,2.47,2.58,2.625,1,1,0,1,1,1
0,41,4540000,189,0.10764471365638767,0.8253968253968254,0.0,491,0.996268656716418,2.93,2.74,2.56,3.43,1.54,3.5,0,0,0,0,0,0
0,42,4410000,139,0.0035263038548752836,0.17266187050359713,0.0,27,0.9705882352941176,4.01,1.64,3.17,3.08,4.58,3.0,1,0,1,0,1,1
0,43,3080000,433,0.000325,0.046189376443418015,0.0,0,0.0,4.5,1.28,4.85,3.31,2.14,3.4285714285714284,1,1,1,1,1,1
0,44,2080000,982,1.1157802884615384,0.27494908350305497,1.0,2254,0.9974736216376876,4.47,1.33,1.15,2.78,1.5881455362616523,2.888888888888889,0,0,0,0,0,0
0,45,10000,228,43.097,0.5482456140350878,0.0,713,0.996309963099631,4.39,1.77,2.02,1.76,2.11453074333675,2.5,0,0,1,0,1,0
0,46,780000,620,0.7219346153846153,0.06612903225806452,0.0,2364,0.9817780231916069,1.03,2.91,4.44,1.64,2.17,2.861111111111111,0,1,1,1,1,1
0,47,810000,816,3.1165037037037036,0.4803921568627451,1.0,2034,0.9976950938426078,1.21,1.26,1.44,4.82,2.681156273948849,3.6363636363636362,0,1,0,1,1,1
0,48,4020000,571,0.2803967661691542,0.11033274956217162,0.0,3432,0.9928119608970672,2.34,3.48,3.46,2.06,4.74,3.0833333333333335,1,1,1,1,1,1
0,49,1070000,389,0.0010691588785046728,0.05398457583547558,0.0,0,0.0,2.05,3.49,1.45,3.2,2.93,3.0,0,1,0,1,1,1
0,50,3500000,309,0.074574,0.313915857605178,0.0,177,0.9929078014184397,1.25,4.74,1.86,4.4,2.94,3.8,1,0,1,0,1,1
0,51,3430000,124,0.00028075801749271137,0.14516129032258066,0.0,0,0.0,3.36,4.08,4.64,3.06,1.13,3.1052631578947367,1,0,1,0,1,1
0,52,3360000,119,0.16169464285714286,0.48739495798319327,0.0,1804,0.9934174437739989,3.91,2.49,3.73,1.53,1.7,2.652173913043478,1,1,1,0,1,1
0,53,4250000,982,0.11506023529411764,0.07433808553971487,1.0,1837,0.9809322033898306,2.25,2.72,4.52,4.16,2.25,3.08,1,1,1,1,1,1
0,54,740000,529,0.5108972972972973,0.5879017013232514,1.0,836,0.9983619983619983,3.42,1.71,2.27,4.18,4.32,1.3333333333333333,1,1,0,1,1,1
0,55,1520000,198,0.2824190789473684,0.6666666666666666,0.0,1234,0.9974747474747475,1.76,1.73,3.62,4.68,4.19,3.125,1,1,0,1,1,1
0,56,350000,770,0.8314885714285715,0.07922077922077922,0.0,745,0.9845360824742269,2.54,3.73,2.11,3.71,4.33,2.3181818181818183,0,1,1,1,1,1
0,57,640000,217,0.8097890625,0.4976958525345622,0.6,1943,0.9952477936184657,2.51,2.16,4.62,4.57,4.72,3.076923076923077,0,1,1,1,1,1
0,58,3010000,290,0.16528571428571429,0.2103448275862069,1.0,1025,0.9921925829538061,2.01,1.22,2.27,2.07,4.85,2.9565217391304346,1,1,0,1,1,1
0,59,1580000,989,1.2762164556962026,0.20728008088978767,1.0,2140,0.9970568999345978,2.6,4.52,1.44,2.19,2.8832512521749334,2.8636363636363638,0,1,1,1,1,1
0,60,360000,171,0.7771416666666666,0.27485380116959063,0.0,940,0.9866939611054247,3.44,3.26,3.51,2.49,2.18,2.7142857142857144,0,1,1,1,1,1
0,61,1480000,428,0.06438513513513514,0.16355140186915887,0.0,389,0.996268656716418,2.57,2.8,4.53,4.99,4.25,2.0,1,1,1,1,1,1
0,62,2190000,292,0.24557945205479453,0.25,1.0,2539,0.9935309973045822,4.98,2.32,4.47,3.14,2.33,2.75,1,1,1,1,1,1
0,63,4960000,199,0.01359616935483871,0.2914572864321608,0.0,52,0.9836065573770492,3.08,1.43,1.86,4.8,2.39,3.0,1,0,0,0,1,1
0,64,4130000,625,0.00016997578692493946,0.0208,0.0,0,0.0,3.45,1.51,2.34,4.91,4.28,3.25,1,1,0,1,1,1
0,65,3890000,536,0.7716300771208227,3.046641791044776,0.0,2328,0.9995915032679739,4.01,3.38,1.21,3.32,1.0577909477018825,2.0,0,0,0,0,0,0
0,66,2710000,244,0.00015055350553505535,0.036885245901639344,0.0,0,0.0,1.11,1.35,2.65,4.53,4.1,3.272727272727273,1,1,0,1,1,1
0,67,2100000,282,0.00041476190476190476,0.04609929078014184,0.0,0,0.0,1.65,4.21,3.0,3.98,3.16,3.142857142857143,1,1,1,1,1,1
0,68,3490000,594,0.31668796561604584,0.2053872053872054,1.0,2428,0.9950207468879668,3.35,4.08,2.77,4.14,2.14,2.8846153846153846,1,1,1,1,1,1
0,69,210000,193,4.497109523809524,0.5077720207253886,0.7272727272727273,1743,0.9941199529596236,4.85,3.42,2.25,4.81,3.499429448079259,3.52,0,1,1,1,1,1
0,70,1420000,869,1.308412676056338,1.2485615650172612,0.0,2162,1.0,2.72,4.34,4.94,2.71,1.1938025737439086,4.0,0,0,0,0,0,0
0,71,4340000,183,0.23442718894009218,0.4426229508196721,0.6666666666666666,4167,0.9907965725166614,2.46,4.65,4.28,3.62,4.16,3.088235294117647,1,1,1,1,1,1
0,72,3320000,434,0.06593584337349398,0.11059907834101383,1.0,210,0.9812206572769953,3.28,4.07,1.49,4.09,2.93,3.3,1,1,1,1,1,1
0,73,4440000,484,0.5777272522522523,2.208677685950413,0.0,1587,0.999154334038055,2.78,3.05,1.45,2.31,2.2611878633768487,2.6666666666666665,0,0,0,0,0,0
0,74,930000,373,0.0009161290322580645,0.03485254691689008,0.0,0,0.0,1.71,1.52,3.24,4.72,3.48,1.6666666666666667,1,1,0,1,1,1
0,75,4220000,646,0.3963063981042654,0.24303405572755418,1.0,1679,0.9964594807238395,1.26,1.54,1.54,1.91,1.9,2.9130434782608696,1,1,0,1,1,1
0,76,1200000,647,1.1879058333333334,0.37712519319938176,1.0,1267,0.9982332155477032,3.17,4.56,1.11,1.93,4.2668808583262505,2.8181818181818183,0,1,1,1,1,1
0,77,280000,293,2.319242857142857,0.6109215017064846,0.8,2176,0.9966793168880456,1.11,2.77,3.92,4.95,1.3647913512904573,2.4,0,1,1,1,1,1
0,78,4250000,960,0.00032188235294117645,0.026041666666666668,0.0,0,0.0,2.23,1.34,2.81,3.61,1.37,2.7142857142857144,1,1,0,1,1,1
0,79,760000,820,0.11625131578947369,0.03414634146341464,0.0,188,0.9501557632398754,2.18,1.42,2.78,3.27,3.23,2.5,0,1,0,1,1,1
0,80,3940000,567,0.06785177664974619,0.13227513227513227,1.0,1071,0.9875,2.54,2.4,4.63,4.92,3.42,3.090909090909091,1,1,1,1,1,1
0,81,2920000,834,0.2063164383561644,0.10551558752997602,1.0,2139,0.9924433249370277,4.99,2.72,4.32,4.2,3.46,3.3157894736842106,1,1,1,1,1,1
0,82,4120000,657,0.2963978155339806,0.2146118721461187,1.0,2954,0.9980417754569191,4.73,2.1,3.85,1.32,2.17,3.466666666666667,1,1,1,1,1,1
0,83,2690000,560,0.7509371747211896,2.0517857142857143,0.0,1137,0.9988207547169812,3.95,2.64,2.04,3.02,1.336871323822504,4.0,0,0,0,0,0,0
0,84,2490000,438,0.29866184738955825,0.3424657534246575,1.0,1470,0.9968957871396896,2.46,4.1,2.6,3.7,4.9,2.727272727272727,1,1,1,1,1,1
0,85,4060000,540,0.48152463054187195,0.46111111111111114,1.0,1644,0.9983464241422075,4.24,3.58,1.6,2.32,4.71,3.4285714285714284,1,1,1,1,1,1
0,86,4490000,462,0.19184231625835188,0.6103896103896104,0.5,638,0.9984840828701365,4.99,1.17,1.3,2.91,4.0,2.6,1,0,0,1,1,1
0,87,1750000,275,0.3089777142857143,0.5672727272727273,1.0,1569,0.9947643979057592,4.83,3.06,3.36,1.02,4.31,2.142857142857143,1,1,1,1,1,1
0,88,3910000,802,0.05036317135549872,0.048628428927680795,1.0,359,0.9774590163934426,2.97,4.11,2.02,3.07,4.57,3.6666666666666665,1,1,1,1,1,1
0,89,20000,317,41.71995,0.24605678233438485,1.0,1464,0.9914988814317673,4.25,3.06,2.19,1.04,1.3920007452233523,3.380952380952381,0,1,1,1,1,1
0,90,590000,804,0.21550338983050848,0.06840796019900497,1.0,70,1.0,3.74,2.18,1.27,2.45,2.15,2.0,0,0,0,0,0,0
0,91,550000,506,0.41238,0.18379446640316205,0.0,601,0.9929947460595446,2.99,2.73,3.82,4.87,3.21,2.8333333333333335,0,1,1,1,1,1
0,92,1560000,617,0.4577076923076923,0.18314424635332252,1.0,2215,0.9970250743731407,2.61,1.98,3.05,1.9,3.94,2.7142857142857144,1,1,1,1,1,1
0,93,4890000,477,0.11035153374233128,0.6205450733752621,0.6666666666666666,391,0.9966914805624483,3.28,1.11,1.28,4.39,4.91,2.6666666666666665,1,0,0,1,1,1
0,94,1400000,388,0.39371214285714284,0.08247422680412371,0.0,2330,0.9710401891252955,2.93,3.13,4.33,1.82,2.1,2.938775510204082,0,1,1,1,1,1
0,95,2000000,117,0.0341645,0.23931623931623933,0.0,167,0.9526627218934911,1.5,1.14,4.76,2.92,3.56,3.0,1,0,0,0,1,1
0,96,3180000,253,0.20137861635220125,0.48616600790513836,1.0,1899,0.9944713199723566,4.55,3.31,4.28,2.51,2.32,3.4444444444444446,1,1,1,1,1,1
0,97,1230000,355,1.0315666666666667,0.1352112676056338,1.0,2129,0.9891369945684972,2.48,3.92,2.52,1.71,2.12574213,3.5925925925925926,0,1,1,1,1,1
0,98,1130000,204,0.0007345132743362832,0.06372549019607843,0,0,0.0,1.0,2.02,2.23,3.24,1.01,2.6666666666666665,0,0,0,0,0,0
0,99,4290000,461,0.22816107226107227,0.29067245119305857,1.0,1744,0.9965143299767621,3.97,1.93,2.39,1.56,4.22,2.9285714285714284,1,1,1,1,1,1
0,100,4950000,546,0.2885008080808081,0.1813186813186813,1.0,5468,0.9949458483754513,2.33,4.62,4.51,2.58,2.11,3.088235294117647,1,1,1,1,1,1
0,101,4300000,554,1.953488372093023e-05,0.0036101083032490976,0.0,0,0.0,4.24,1.96,4.63,1.75,2.87,3.0,1,1,1,1,1,1
0,102,4950000,991,0.18805454545454545,0.08980827447023208,1.0,2573,0.9938650306748467,3.79,3.68,3.2,2.25,1.52,3.25,1,1,1,1,1,1
0,103,1860000,517,0.1680290322580645,0.11218568665377177,0.0,787,0.9861325115562404,2.26,4.93,4.05,2.8,1.49,3.6,1,1,1,1,1,1
0,104,4830000,974,0.13812919254658385,0.2720739219712526,1.0,1580,0.9974587039390089,4.68,2.03,3.18,1.34,4.34,2.0,1,1,1,1,1,1
0,105,3590000,421,0.10909303621169916,0.09501187648456057,1.0,1672,0.9800613496932515,2.4,4.83,4.93,3.86,1.8,2.8974358974358974,1,1,1,1,1,1
0,106,5000000,441,0.184315,0.1836734693877551,0.0,1870,0.989650249821556,2.95,2.9,2.15,2.66,1.69,3.0714285714285716,1,1,1,1,1,1
0,107,2860000,102,3.811188811188811e-05,0.0196078431372549,0.0,0,0.0,3.12,2.86,3.18,2.02,4.14,2.5384615384615383,1,0,1,0,1,1
0,108,1660000,561,0.3335632530120482,0.5918003565062389,1.0,473,0.9992846924177397,4.41,1.28,1.01,4.8,4.07,2.3333333333333335,0,0,0,0,0,0
0,109,3220000,843,2.329192546583851e-05,0.0011862396204033216,0.0,0,0.0,4.51,3.0,1.88,4.5,1.18,3.0,0,0,0,0,0,0
0,110,2930000,904,0.1486740614334471,0.06526548672566372,0.0,446,0.9800766283524904,2.9,3.73,1.68,3.08,1.49,2.92,1,1,1,1,1,1
0,111,4020000,678,0.12278159203980099,0.41002949852507375,1.0,486,0.9966666666666667,1.84,1.4,1.78,4.76,2.84,2.0,1,1,0,1,1,1
0,112,4000000,295,0.1248805,0.4542372881355932,0.8888888888888888,1364,0.99568345323741,4.71,3.56,3.18,4.7,2.48,3.0,1,1,1,1,1,1
0,113,860000,945,0.9280941860465116,0.07407407407407407,1.0,3048,0.9926692539887882,4.08,4.07,4.12,2.83,2.32,3.2142857142857144,0,1,1,1,1,1
0,114,4940000,116,0.06028157894736842,0.9913793103448276,0.0,431,0.9859375,4.51,4.36,2.62,4.45,3.0,3.2,1,0,1,0,1,1
0,115,3220000,911,0.8602313664596273,0.3336992316136114,1.0,2324,0.9988571428571429,2.12,4.55,1.13,1.28,3.87,3.25,0,1,1,1,1,1
0,116,1850000,312,0.3248491891891892,0.4230769230769231,1.0,2394,0.9971941638608305,2.57,1.65,4.5,4.82,3.17,3.0,1,1,1,1,1,1
0,117,840000,665,0.6512607142857143,0.1368421052631579,1.0,1400,0.9933085501858736,1.54,4.35,3.29,3.4,4.95,3.3076923076923075,0,1,1,1,1,1
0,118,1960000,721,0.820409693877551,0.46601941747572817,1.0,1678,0.9982648930017352,1.82,2.56,1.34,4.67,4.41,2.6363636363636362,0,1,0,1,1,1
0,119,1340000,489,0.08620223880597015,0.11451942740286299,0.0,332,0.991304347826087,1.69,4.95,4.25,3.69,3.88,2.8,1,1,1,1,1,1
0,120,1360000,675,1.733939705882353,0.6103703703703703,1.0,1761,0.9983202687569989,4.64,4.57,1.22,2.75,3.5683986450484273,3.4444444444444446,0,1,1,1,1,1
0,121,1640000,161,0.11656463414634147,0.2111801242236025,0.0,629,0.985781990521327,4.55,1.18,3.49,1.65,1.34,2.8125,0,0,0,0,0,0
0,122,1050000,312,0.7095714285714285,0.8782051282051282,0.0,648,0.9984383133784487,4.12,3.28,1.43,2.07,2.92,2.2,0,0,1,0,1,0
0,123,1210000,868,0.6328586776859504,0.12211981566820276,1.0,2044,0.9922089825847846,2.07,3.78,3.71,3.54,3.11,3.25,0,1,1,1,1,1
0,124,180000,809,0.004711111111111111,0.0173053152039555,0,0,0.0,4.11,4.56,3.88,2.46,1.37,3.3703703703703702,0,0,0,0,0,0
0,125,4470000,624,0.007957494407158837,0.07051282051282051,0.0,26,0.9565217391304348,1.81,1.04,1.5,4.81,3.88,2.4,1,1,0,1,1,1
0,126,4230000,951,0.1545664302600473,0.07150368033648791,1.0,2420,0.9899799599198397,4.54,4.49,3.44,3.57,3.94,2.4722222222222223,1,1,1,1,1,1
0,127,690000,192,0.9811695652173913,0.3072916666666667,0.0,2893,0.9786026200873362,1.04,4.44,4.57,4.58,2.21,2.978723404255319,0,1,1,1,1,1
0,128,750000,571,2.1413226666666665,0.1681260945709282,1.0,6913,0.9941927990708479,4.3,4.22,4.35,4.77,1.0386704980927695,3.0416666666666665,0,1,1,1,1,1
0,129,4930000,172,0.5737064908722109,1.052325581395349,0.0,9605,0.9974826935179358,1.03,3.39,3.44,1.06,1.764043930704056,2.675675675675676,1,0,1,0,1,1
0,130,3800000,263,0.15367736842105262,0.5551330798479087,0.8,1629,0.9956816779765577,2.32,2.55,3.83,4.82,4.59,3.111111111111111,1,1,1,1,1,1
0,131,2670000,965,0.02197003745318352,0.04455958549222798,0.0,140,0.9918032786885246,3.81,4.06,4.41,3.04,3.2,2.0,1,1,1,1,1,1
0,132,1140000,272,0.8286184210526316,0.5772058823529411,1.0,3968,0.9980576238264811,2.75,3.75,4.95,3.53,3.36,2.8,1,1,1,1,1,1
0,133,3950000,864,0.17516481012658228,0.1712962962962963,1.0,1698,0.9959467284308049,2.05,2.15,3.19,1.32,2.31,2.875,1,1,0,1,1,1
0,134,4840000,576,0.08028595041322314,0.2586805555555556,1.0,503,0.9973614775725593,1.68,2.01,2.76,3.02,2.8,3.25,1,1,0,1,1,1
0,135,3200000,560,0.071179375,0.060714285714285714,0.0,935,0.962536023054755,1.26,4.42,4.37,2.52,3.87,3.107142857142857,1,1,1,1,1,1
0,136,220000,846,4.151509090909091,0.13120567375886524,1.0,1699,0.9953216374269006,2.47,4.32,2.8,4.64,1.5041081877916749,3.4210526315789473,0,1,1,1,1,1
0,137,3140000,249,3.7579617834394906e-05,0.008032128514056224,0,0,0.0,3.56,2.38,3.79,1.21,1.31,1.6666666666666667,0,0,0,0,0,0
0,138,3780000,238,0.04385714285714286,0.28991596638655465,0.0,255,0.9949109414758269,3.28,4.04,2.58,1.66,2.23,2.5,1,0,1,0,1,1
0,139,3300000,589,0.014266969696969696,0.03395585738539898,0.0,76,0.9333333333333333,4.54,3.81,4.34,1.23,2.24,3.3333333333333335,1,1,1,1,1,1
0,140,510000,623,0.6420274509803922,0.2696629213483146,1.0,641,0.9989417989417989,2.93,1.0,2.67,2.94,4.1,2.25,0,1,0,1,1,1
0,141,4410000,413,0.03348888888888889,0.053268765133171914,0.0,142,0.9544364508393285,1.3,3.35,1.33,1.52,2.94,2.9545454545454546,0,0,0,1,1,0
0,142,3370000,423,0.26195756676557863,0.3404255319148936,1.0,3038,0.9974160206718347,4.79,3.88,3.39,1.02,3.71,2.066666666666667,1,1,1,1,1,1
0,143,360000,202,0.039372222222222225,0.054455445544554455,0,27,0.8571428571428571,3.26,2.91,3.19,1.56,1.15,3.6666666666666665,0,0,0,0,0,0
0,144,4100000,542,0.04008121951219512,0.1014760147601476,0.0,487,0.9778393351800554,3.81,4.57,4.71,3.17,1.99,2.4285714285714284,1,1,1,1,1,1
0,145,2630000,859,0.19035855513307984,0.12456344586728754,1.0,1406,0.9958847736625515,1.42,1.64,4.54,4.81,2.66,4.375,1,1,1,1,1,1
0,146,1190000,619,0.000492436974789916,0.012924071082390954,0.0,0,0.0,2.77,2.49,3.77,2.96,3.36,2.3636363636363638,1,1,1,1,1,1
0,147,4240000,482,0.0951191037735849,0.1037344398340249,1.0,1128,0.9807868252516011,2.77,1.65,3.94,2.51,1.36,3.4,1,1,1,1,1,1
0,148,2400000,487,0.43912,0.18480492813141683,1.0,3299,0.9922934648581998,1.93,1.6,3.76,4.6,2.69,3.0625,1,1,0,1,1,1
0,149,2640000,725,0.1225219696969697,0.0703448275862069,1.0,266,0.9871134020618557,4.83,1.23,1.05,1.76,1.89,3.4166666666666665,1,1,0,1,1,1
0,150,920000,162,1.0832021739130435,2.253086419753086,0.0,690,0.9995019920318725,4.6,1.28,1.55,3.39,2.8648456367943167,3.25,0,0,0,0,1,0
0,151,2450000,223,0.5014016326530613,0.5829596412556054,1.0,1317,0.9963398692810458,4.9,3.86,1.33,1.79,2.87,2.7142857142857144,1,1,1,1,1,1
0,152,3640000,463,0.029157142857142857,0.08207343412526998,0.0,390,0.996996996996997,2.18,4.24,4.0,2.78,4.16,2.5,1,1,1,1,1,1
0,153,2260000,754,0.013308849557522123,0.04907161803713528,0.0,40,1.0,4.19,2.65,2.04,3.81,1.27,2.6,0,0,0,0,0,0
0,154,750000,106,0.0,0.0,0.0,0,0.0,4.34,3.73,2.65,4.36,4.23,2.625,1,0,1,0,1,1
0,155,3460000,466,0.06284161849710983,0.06437768240343347,0.0,452,0.9820089955022488,2.61,2.81,2.81,1.14,2.67,2.9444444444444446,1,1,1,1,1,1
0,156,3080000,884,0.820437987012987,1.9558823529411764,0.0,3371,0.9992066640222134,1.25,3.3,4.58,4.71,1.8763721915025655,5.0,0,0,0,0,0,0
0,157,1720000,221,0.042705813953488374,0.24434389140271492,0.0,120,0.9831932773109243,3.18,2.57,3.79,4.45,2.77,4.333333333333333,1,0,1,0,1,1
0,158,3190000,905,0.10770877742946708,0.03867403314917127,0.0,1307,0.9808467741935484,4.91,4.96,4.09,1.84,3.76,3.1153846153846154,1,1,1,1,1,1
0,159,1930000,909,0.00024196891191709846,0.0088008800880088,0.0,0,0.0,1.32,4.93,4.1,3.53,2.67,2.875,1,1,1,1,1,1
0,160,3580000,476,0.22380335195530726,0.13025210084033614,1.0,948,0.9891797556719023,1.71,2.82,1.42,3.33,2.47,2.642857142857143,0,1,0,1,1,1
0,161,520000,435,0.35780384615384614,0.22758620689655173,0.0,178,0.9907834101382489,1.06,4.51,3.94,4.03,2.66,5.0,0,1,1,1,1,1
0,162,1420000,106,0.3424830985915493,0.9811320754716981,0.0,928,0.9930015552099534,1.01,3.42,2.53,3.37,4.21,3.272727272727273,0,0,0,0,1,0
0,163,1740000,999,0.2669287356321839,0.05805805805805806,1.0,554,0.9889753566796369,2.45,4.44,1.12,3.53,4.74,2.6666666666666665,0,1,1,1,1,1
0,164,4820000,619,0.1478485477178423,0.10823909531502424,1.0,677,0.9897510980966325,2.2,3.05,1.51,1.2,3.18,3.0,1,1,0,1,1,1
0,165,440000,949,2.410475,0.11064278187565858,1.0,2970,0.9959663865546219,2.27,2.64,3.3,2.8,2.0558721247776868,3.272727272727273,0,1,1,1,1,1
0,166,2100000,930,2.627374761904762,1.0021505376344086,0.0,4662,0.9991454817346721,1.25,4.95,1.01,1.22,2.0098781692788545,3.0,0,0,0,0,0,0
0,167,3460000,553,0.7925549132947977,1.3978300180831826,0.5,1992,0.9991337491337491,3.95,3.79,1.47,1.55,1.3240102703201415,3.0,0,0,0,0,0,0
0,168,2960000,830,0.012128378378378378,0.014457831325301205,0.0,155,0.8118811881188119,3.06,4.01,4.4,1.31,2.02,3.1739130434782608,1,1,1,1,1,1
0,169,3190000,908,0.2441614420062696,0.07378854625550661,1.0,2697,0.9855505729945192,3.78,3.69,4.35,1.77,1.82,3.3636363636363638,1,1,1,1,1,1
0,170,460000,308,0.052108695652173916,0.06493506493506493,0.0,37,1.0,4.57,3.61,3.41,1.87,3.17,2.0,0,0,1,0,1,1
0,171,4270000,412,0.12830936768149884,0.3859223300970874,0.0,1182,0.9932432432432432,2.74,2.75,4.79,1.64,1.99,3.75,1,1,1,1,1,1
0,172,400000,511,0.9108925,0.2035225048923679,1.0,1368,0.9938208032955715,2.07,2.15,4.27,3.74,4.42,2.75,0,1,1,1,1,1
0,173,460000,746,0.00027608695652173913,0.004021447721179625,0.0,0,0.0,4.41,3.02,4.57,4.29,2.25,3.1,0,1,1,1,1,1
0,174,4150000,935,0.37602843373493977,0.8032085561497326,0.0,1494,0.9991289198606271,4.1,3.04,4.03,1.02,2.15,4.0,0,0,0,0,0,0
0,175,1980000,762,1.117381313131313,0.12335958005249344,1.0,4672,0.9932983682983683,2.15,3.13,2.04,2.8,2.906641876124936,3.0166666666666666,0,1,0,1,1,1
0,176,2750000,538,0.21535381818181817,0.10780669144981413,1.0,2056,0.9881324172392255,2.86,3.57,4.75,4.35,2.0,3.533333333333333,1,1,1,1,1,1
0,177,4320000,627,0.34075509259259257,0.2838915470494418,0.0,1521,0.9969742813918305,1.88,2.3,1.39,3.77,3.52,3.0,1,1,0,1,1,1
0,178,390000,262,2.2559153846153848,0.4312977099236641,1.0,758,0.9942273534635879,4.82,4.62,1.4,2.66,1.6373742475066966,3.466666666666667,0,0,1,1,1,0
0,179,1770000,848,0.0,0.0,0.0,0,0.0,1.27,1.36,4.41,3.29,1.34,3.5789473684210527,0,0,0,0,0,0
0,180,1220000,577,0.36634918032786884,0.18024263431542462,1.0,1638,0.9958677685950413,2.81,1.47,4.32,3.39,3.72,2.8,1,1,1,1,1,1
0,181,2860000,770,0.036958041958041955,0.024675324675324677,0.0,302,0.9867549668874173,1.19,4.16,3.11,1.85,3.87,2.857142857142857,1,1,1,1,1,1
0,182,1370000,598,0.14292773722627738,0.10535117056856187,1.0,425,0.9845474613686535,4.73,2.25,3.05,3.17,2.18,3.142857142857143,1,1,1,1,1,1
0,183,4650000,516,0.12581720430107526,0.16279069767441862,1.0,1194,0.9901506373117034,2.95,2.47,2.73,3.93,1.38,3.111111111111111,1,1,1,1,1,1
0,184,4770000,637,0.04294234800838574,0.0847723704866562,1.0,681,0.9878048780487805,4.07,3.82,4.6,2.74,3.4,3.0,1,1,1,1,1,1
0,185,1190000,806,0.018700840336134453,0.043424317617866005,0.0,68,0.9122807017543859,3.58,1.77,4.55,3.6,4.46,1.6666666666666667,1,1,1,1,1,1
0,186,4990000,143,0.15134529058116233,0.45454545454545453,0.0,2252,0.9903802107191938,1.89,2.25,3.05,2.68,2.08,3.1666666666666665,1,0,0,0,1,1
0,187,4150000,998,0.16479975903614458,0.1683366733466934,1.0,604,0.9977802441731409,3.23,3.3,1.53,3.26,1.31,3.0,1,1,1,1,1,1
0,188,1310000,598,1.0945137404580152,0.14046822742474915,1.0,2900,0.9912398921832885,3.31,1.85,2.11,2.08,1.7892269640269889,3.090909090909091,0,1,0,1,1,1
0,189,2770000,557,0.1981682310469314,0.4649910233393178,1.0,968,0.9985141158989599,4.36,2.27,2.37,4.38,3.6,2.5,1,1,1,1,1,1
0,190,330000,686,0.0005515151515151515,0.0058309037900874635,0.0,0,0.0,1.21,4.31,2.36,1.87,1.36,2.8,0,0,0,0,0,0
0,191,2670000,871,0.008409737827715355,0.024110218140068886,0.0,16,1.0,3.13,2.87,4.82,2.89,1.82,4.0,0,0,0,0,0,0
0,192,3320000,751,0.34688373493975905,0.23568575233022637,1.0,2311,0.997408580477973,2.51,1.21,2.49,4.91,3.48,2.8666666666666667,1,1,0,1,1,1
0,193,2480000,438,0.0005983870967741935,0.0639269406392694,0.0,0,0.0,2.83,4.73,4.03,4.26,3.78,2.8333333333333335,1,1,1,1,1,1
0,194,3500000,808,0.02464,0.038366336633663366,0.0,198,0.9863636363636363,1.28,2.63,3.94,1.9,1.4,2.5,0,0,0,0,0,0
0,195,1410000,171,0.000324822695035461,0.04093567251461988,0,0,0.0,1.44,3.67,1.86,2.91,1.06,3.090909090909091,0,0,0,0,0,0
0,196,3450000,268,0.774816231884058,1.1567164179104477,1.0,2636,0.9984593657722429,2.88,1.19,1.34,3.05,1.7642833211955735,3.0555555555555554,0,0,0,1,1,0
0,197,1580000,705,0.4533974683544304,0.11773049645390071,1.0,814,0.9911875786823332,3.99,1.93,1.87,3.02,3.95,2.6296296296296298,1,1,1,1,1,1
0,198,1900000,723,0.5111410526315789,0.30013831258644535,1.0,2262,0.9954873646209387,1.04,1.22,3.25,1.95,4.5,2.857142857142857,1,1,0,1,1,1
0,199,180000,166,4.140033333333333,0.927710843373494,0.0,652,0.9963465553235908,3.96,1.37,1.82,1.18,3.679572679239331,2.6666666666666665,0,0,0,0,1,0
0,200,3950000,748,0.10263645569620253,0.08422459893048129,1.0,419,0.9914383561643836,4.14,1.52,1.18,3.53,4.16,3.1578947368421053,1,1,0,1,1,1
0,201,4420000,782,0.008728506787330316,0.03580562659846547,0.0,65,0.9285714285714286,1.21,1.51,2.89,2.03,4.39,1.25,1,1,0,1,1,1
0,202,3950000,451,3.4430379746835445e-05,0.0066518847006651885,0.0,0,0.0,4.36,4.0,4.01,2.76,4.7,2.7083333333333335,1,1,1,1,1,1
0,203,3470000,519,0.15304985590778097,0.11368015414258188,1.0,1693,0.9865689865689866,1.45,2.58,3.41,3.69,1.35,3.090909090909091,0,0,0,0,0,0
0,204,4540000,793,3.7444933920704846e-05,0.0037831021437578815,0.0,0,0.0,3.47,1.61,4.24,3.45,4.41,3.0,1,1,1,1,1,1
0,205,1130000,361,0.3327,0.6869806094182825,0.0,453,0.9941002949852508,4.53,1.69,4.31,3.02,1.95,3.0,0,0,0,0,0,0
0,206,1480000,738,0.05683648648648649,0.036585365853658534,0.0,203,0.9883040935672515,2.36,2.19,4.69,1.69,2.38,3.1666666666666665,1,1,1,1,1,1
0,207,2810000,237,0.6676914590747332,5.776371308016878,0.0,678,0.999512432959532,1.84,3.05,1.83,2.98,1.2404903818619868,2.0,0,0,0,0,0,0
0,208,2970000,684,0.4364774410774411,0.2309941520467836,1.0,4536,0.9943636902996144,1.88,3.38,4.08,1.69,1.99,3.066666666666667,1,1,1,1,1,1
0,209,900000,888,0.07526444444444444,0.02364864864864865,0.0,192,0.9736842105263158,4.76,4.53,4.84,2.27,1.07,3.1538461538461537,0,0,0,0,0,0
0,210,470000,665,1.1000936170212765,0.1699248120300752,1.0,1588,0.9942622950819672,2.32,2.28,4.39,3.68,2.452761783636398,3.6666666666666665,0,1,1,1,1,1
0,211,4610000,483,0.02509696312364425,0.07246376811594203,0.0,204,0.9532710280373832,4.94,1.47,2.62,4.96,1.23,3.4,1,1,1,1,1,1
0,212,4320000,960,0.00029050925925925924,0.025,0.0,0,0.0,3.05,2.98,3.39,4.57,4.79,3.0,1,1,1,1,1,1
0,213,3550000,252,0.026699154929577466,0.06746031746031746,0.0,439,0.9475524475524476,2.75,2.45,4.29,1.1,2.76,2.6363636363636362,1,1,1,1,1,1
0,214,1340000,650,0.8360932835820896,0.10461538461538461,1.0,1182,0.9921414538310412,1.68,4.72,1.85,4.68,1.37,3.0784313725490198,0,1,1,1,1,1
0,215,580000,296,3.1405155172413792,0.35135135135135137,1.0,5574,0.9964732851348969,4.57,1.7,3.2,1.0,1.480518442401992,3.0,0,1,1,1,1,1
0,216,50000,901,0.01786,0.017758046614872364,0.0,0,0.0,3.65,2.37,2.72,2.96,4.09,2.8780487804878048,0,1,1,1,1,1
0,217,4130000,208,0.13999394673123486,0.35096153846153844,1.0,2615,0.9920886075949367,4.4,3.16,4.29,2.35,2.33,2.6666666666666665,1,1,1,1,1,1
0,218,2040000,195,0.46178872549019606,0.7487179487179487,0.7142857142857143,1788,0.9964028776978417,4.78,4.14,2.87,2.29,4.11,2.7857142857142856,1,1,1,1,1,1
0,219,1510000,622,0.37278543046357615,0.1302250803858521,1.0,1034,0.9963503649635036,1.88,2.34,2.93,2.57,2.03,2.9411764705882355,0,1,0,1,1,1
0,220,1150000,348,0.5936017391304348,0.3218390804597701,0.8,1949,0.9950980392156863,2.62,1.57,3.99,2.33,3.3,3.0714285714285716,0,1,1,1,1,1
0,221,2410000,644,0.6517178423236515,0.5077639751552795,1.0,2160,0.9994117647058823,2.04,2.18,2.38,2.79,4.57,3.7142857142857144,1,1,0,1,1,1
0,222,2030000,844,0.6624896551724138,0.23222748815165878,1.0,1362,0.9983424106085721,4.89,3.05,1.48,1.57,1.7,2.466666666666667,1,1,1,1,1,1
0,223,1160000,923,1.1473396551724138,0.0866738894907909,0.0,3767,0.9922105828632823,1.29,1.47,3.77,3.54,1.4285202394607193,3.1818181818181817,0,1,0,1,1,1
0,224,2780000,386,0.5125359712230216,0.5984455958549223,1.0,3806,0.9981554677206851,1.23,4.01,3.63,1.77,4.59,3.090909090909091,1,1,1,1,1,1
0,225,3590000,222,0.3765356545961003,0.32432432432432434,0.3333333333333333,1619,0.9921376965575861,3.26,1.57,1.89,1.13,3.25,2.72,0,1,0,0,1,1
0,226,3580000,956,0.04023491620111732,0.08891213389121339,1.0,211,0.9894179894179894,3.61,2.28,3.14,2.31,1.05,2.5,0,0,0,0,0,0
0,227,2000000,289,0.0737565,0.12110726643598616,0.0,111,0.9696048632218845,4.94,3.9,1.7,2.56,1.26,3.8,1,1,1,1,1,1
0,228,4850000,422,0.0746280412371134,0.3696682464454976,0.0,513,0.9973368841544608,2.23,4.51,2.43,3.77,4.03,3.25,1,1,1,1,1,1
0,229,860000,577,2.8462697674418607,0.2651646447140381,1.0,5475,0.9969036560676432,1.12,4.74,2.41,2.9,3.739458979297314,2.725,0,1,1,1,1,1
0,230,2380000,618,0.4069672268907563,0.09870550161812297,1.0,1888,0.9884628435697319,4.88,1.81,2.78,2.01,2.3,3.097560975609756,1,1,1,1,1,1
0,231,3900000,964,0.04035589743589744,0.0995850622406639,0.0,317,0.983402489626556,3.89,1.62,4.84,2.03,4.35,2.5,1,1,1,1,1,1
0,232,2110000,629,0.14948436018957345,0.07631160572337042,1.0,315,0.9814241486068112,2.12,1.47,1.87,3.97,1.25,3.0434782608695654,0,0,0,0,0,0
0,233,4050000,467,0.00047876543209876543,0.07494646680942184,0.0,0,0.0,2.13,2.45,3.22,4.47,2.73,3.09375,1,1,1,1,1,1
0,234,1040000,862,0.771051923076923,0.1902552204176334,1.0,1440,0.9995446265938069,4.66,1.01,2.78,3.09,3.7,2.9,1,1,1,1,1,1
0,235,3400000,283,0.16322823529411765,1.7067137809187278,0.0,910,0.9954476479514416,2.77,2.41,4.31,4.46,4.060498194214039,2.0,0,0,0,0,0,0
0,236,1500000,580,3.7555826666666667,0.8,1.0,11380,0.9984128850223372,1.14,3.66,2.12,1.35,1.2541388689289428,2.92,0,1,0,1,1,0
0,237,950000,313,0.24474526315789474,0.11182108626198083,0.0,413,0.9826689774696707,3.71,2.21,2.14,2.26,1.04,3.35,0,1,1,1,1,1
0,238,3830000,830,0.17121566579634465,0.14819277108433734,1.0,2646,0.9971250598945856,3.78,5.0,4.61,4.07,3.58,2.6666666666666665,1,1,1,1,1,1
0,239,3970000,541,0.1578785894206549,0.13123844731977818,1.0,762,0.989010989010989,2.77,2.55,1.18,3.63,1.97,2.6551724137931036,1,1,0,1,1,1
0,240,2590000,936,0.35035250965250964,0.17735042735042736,1.0,2696,0.9961777353081701,3.08,4.13,4.17,2.43,4.71,3.5555555555555554,1,1,1,1,1,1
0,241,670000,264,0.4365492537313433,0.22727272727272727,0.75,797,0.9949238578680203,2.33,1.16,4.66,1.16,4.78,3.25,0,1,1,1,1,1
0,242,1850000,890,0.41343891891891893,0.04269662921348315,1.0,2359,0.9831345125462773,3.88,1.86,3.07,1.93,1.33,3.076923076923077,0,1,1,1,1,1
0,243,4140000,135,0.0870548309178744,0.6814814814814815,0.0,1181,0.992744860943168,1.95,1.21,4.07,3.66,1.75,3.5,1,0,0,0,1,1
0,244,4820000,867,0.024828630705394192,0.0392156862745098,0.0,112,0.9900662251655629,4.84,4.44,1.82,1.33,4.84,2.625,1,1,1,1,1,1
0,245,4670000,605,0.04743254817987152,0.10082644628099173,0.0,637,0.9979166666666667,3.5,1.4,4.33,1.98,1.37,3.6666666666666665,1,1,1,1,1,1
0,246,1970000,961,0.9274776649746193,0.10822060353798127,1.0,5720,0.9946273830155979,1.56,3.17,3.84,2.07,2.2,2.9523809523809526,0,1,1,1,1,1
0,247,4400000,146,0.24435318181818183,1.2123287671232876,0.0,1674,0.9976452119309263,1.49,4.92,2.28,3.7,2.966549241065217,3.727272727272727,1,0,1,0,1,1
0,248,4970000,101,0.38800784708249497,1.603960396039604,0.0,3715,0.9959861339171684,1.77,1.75,2.72,2.31,2.455473712758064,3.24,1,0,0,0,1,1
0,249,2840000,130,0.6665619718309859,1.0692307692307692,0.0,4085,0.9973809134064495,1.5,3.84,2.56,4.55,3.0325699033451747,2.9444444444444446,1,0,1,0,1,1
0,250,1290000,673,0.3731968992248062,0.16196136701337296,1.0,1866,0.9943859649122807,4.94,1.04,4.39,1.12,3.79,2.5555555555555554,1,1,1,1,1,1
0,251,2050000,989,0.9524897560975609,0.13043478260869565,1.0,2084,0.99480012999675,2.63,4.82,1.96,3.42,3.41,2.973684210526316,0,1,1,1,1,1
0,252,1640000,575,0.8420353658536586,1.7008695652173913,0.0,965,0.99867197875166,1.73,4.42,2.83,2.22,2.565801055396802,2.0,0,0,0,0,0,0
0,253,2470000,253,0.31896275303643723,0.2608695652173913,1.0,1502,0.9920106524633822,2.77,2.78,2.79,1.95,1.84,3.04,1,1,1,1,1,1
0,254,2260000,652,0.20026592920353983,0.36809815950920244,1.0,464,1.0,4.14,1.03,2.45,1.97,4.63,2.5,1,1,1,1,1,1
0,255,4050000,846,0.2722943209876543,0.23522458628841608,1.0,1083,0.9987071751777634,4.48,4.91,1.99,1.77,1.79,2.8181818181818183,1,1,1,1,1,1
0,256,2210000,624,0.23945610859728506,0.4567307692307692,0.0,399,0.9949494949494949,3.53,1.02,3.39,2.4,2.07,5.0,0,0,0,0,0,0
0,257,2060000,363,0.465223786407767,0.19559228650137742,0.0,1193,0.992939847500706,2.2,1.05,1.42,1.82,1.33,2.5945945945945947,0,0,0,0,0,0
0,258,1130000,706,0.21210088495575222,0.12181303116147309,0.0,916,0.9876543209876543,1.89,3.83,3.0,3.96,3.83,2.1,1,1,1,1,1,1
0,259,210000,673,1.3253095238095238,0.27934621099554235,0.0,96,0.9877551020408163,3.54,4.44,1.31,1.57,3.1738592866100466,1.0,0,0,0,0,0,0
0,260,2080000,320,0.27983990384615387,0.45,0.5,455,0.9948224852071006,1.34,3.93,1.81,4.58,4.19,3.5,1,0,0,1,1,1
0,261,4950000,250,0.14651838383838384,1.252,0.0,438,0.9985096870342772,2.63,1.69,1.79,3.17,2.6007914412388287,3.3333333333333335,1,0,0,0,1,1
0,262,780000,147,0.7985602564102564,0.9727891156462585,0.0,494,0.9962406015037594,2.87,4.33,1.67,4.54,3.48,3.4444444444444446,0,0,1,0,1,0
0,263,1830000,263,1.5858841530054646,0.8212927756653993,0.75,2796,0.9983217453847998,3.24,3.56,1.02,2.42,1.7330804040200636,3.2222222222222223,0,1,1,1,1,0
0,264,1180000,661,0.6172694915254238,0.1422087745839637,1.0,3051,0.996420581655481,4.29,1.31,4.01,2.51,3.09,2.9444444444444446,0,1,1,1,1,1
0,265,1880000,670,0.9943601063829787,0.10597014925373134,1.0,1941,0.9915356711003628,3.67,3.41,1.94,1.68,3.2,3.05,0,1,1,1,1,1
0,266,3500000,232,0.0005331428571428571,0.14224137931034483,0.0,0,0.0,4.29,3.47,2.12,4.47,4.85,2.972972972972973,1,1,1,1,1,1
0,267,660000,663,0.12489242424242425,0.02865761689291101,0.0,42,0.9596774193548387,3.51,1.84,1.29,1.87,4.3,3.2857142857142856,0,1,0,1,1,0
0,268,3790000,699,0.19356754617414249,0.11301859799713877,1.0,641,0.9938990571270105,2.09,1.33,1.91,2.76,1.1,3.3684210526315788,0,0,0,0,0,0
0,269,720000,276,0.45489305555555554,0.23550724637681159,0.5,1048,0.9834307992202729,1.51,4.98,3.79,4.11,4.88,2.6818181818181817,0,1,1,1,1,1
0,270,3700000,709,0.3495862162162162,0.14104372355430184,1.0,2747,0.9942210450276908,3.86,2.59,2.79,4.07,2.84,3.027027027027027,1,1,1,1,1,1
0,271,3810000,504,0.00020078740157480316,0.027777777777777776,0.0,0,0.0,4.43,2.9,4.92,4.07,3.24,2.2,1,1,1,1,1,1
0,272,3170000,544,0.12469905362776025,0.07169117647058823,1.0,845,0.9785544082605242,2.52,2.5,2.42,2.33,4.73,2.96875,0,1,0,1,1,1
0,273,3160000,585,0.20558544303797469,0.05811965811965812,1.0,2001,0.978894472361809,3.03,4.69,3.38,1.9,1.41,3.076923076923077,1,1,1,1,1,1
0,274,3620000,951,0.1150646408839779,0.07676130389064142,0.0,1228,0.9809853068280034,1.79,3.51,3.21,4.43,2.18,3.1904761904761907,1,1,1,1,1,1
0,275,690000,927,2.1384391304347825,0.325782092772384,1.0,1155,0.999429874572406,1.58,2.69,1.9,1.28,3.203782627972729,2.875,0,1,0,1,1,1
0,276,350000,319,4.154151428571429,1.2476489028213167,0.0,1097,0.9978883861236802,2.08,2.07,1.7,4.93,2.8271704269279576,3.5,0,0,0,0,1,0
0,277,2170000,971,0.11606082949308756,0.1101956745623069,1.0,993,0.9920424403183024,1.15,3.22,4.09,4.39,1.54,2.4285714285714284,1,1,1,1,1,1
0,278,4240000,322,0.4213790094339623,0.531055900621118,1.0,2103,0.9980430528375733,1.28,4.95,1.41,3.46,2.31,2.642857142857143,1,1,1,1,1,1
0,279,1410000,964,0.03465035460992908,0.024896265560165973,0.0,231,0.7540983606557377,4.1,2.75,4.31,4.95,4.18,3.125,0,1,1,1,1,1
0,280,4460000,565,0.0524847533632287,0.14513274336283186,0.0,494,0.9897119341563786,3.84,2.8,3.47,2.25,4.98,3.2,1,1,1,1,1,1
0,281,4700000,214,0.20969106382978722,0.5607476635514018,0.75,2733,0.9957507082152974,2.65,2.43,3.33,3.58,1.38,3.25,1,1,1,1,1,1
0,282,2060000,180,0.5885660194174758,0.5555555555555556,0.7272727272727273,1194,0.9969738651994497,4.62,3.9,1.78,2.36,3.55,3.103448275862069,1,1,1,1,1,1
0,283,4180000,242,0.13342846889952154,0.21487603305785125,0.0,1550,0.988939492517892,1.12,1.86,3.6,1.45,2.57,3.217391304347826,1,1,0,1,1,1
0,284,140000,949,5.1893142857142855,0.10432033719704953,1.0,2409,0.9988706945228685,4.5,1.62,4.02,1.67,1.2048152541315948,3.3846153846153846,0,0,0,0,0,0
0,285,790000,977,0.02480506329113924,0.009211873080859774,0,21,0.8571428571428571,2.57,4.02,4.29,1.62,1.49,3.75,0,0,0,0,0,0
0,286,4120000,258,9.199029126213592e-05,0.01937984496124031,0,0,0.0,2.49,4.58,1.57,3.37,1.05,3.5625,0,0,0,0,0,0
0,287,1140000,415,0.9815070175438596,0.25301204819277107,1.0,4895,0.9915186853962364,4.34,1.87,4.07,3.8,2.38,2.8666666666666667,0,1,1,1,1,1
0,288,2000000,217,0.163659,0.31797235023041476,0.0,892,0.9900221729490022,2.74,1.75,3.04,3.99,3.53,3.0714285714285716,1,1,1,1,1,1
0,289,1850000,902,0.0005497297297297298,0.022172949002217297,0.0,0,0.0,2.12,3.41,2.21,4.53,2.02,2.6666666666666665,1,1,1,1,1,1
0,290,3820000,226,0.10754633507853403,1.1106194690265487,0.0,222,1.0,4.65,1.63,2.72,2.97,1.9701013794460336,4.0,0,0,0,0,0,0
0,291,2920000,215,0.17898561643835617,0.6,1.0,800,0.9948409286328461,3.62,1.04,2.89,2.21,1.42,3.142857142857143,1,1,1,1,1,1
0,292,1040000,885,1.8596317307692307,0.2768361581920904,1.0,1703,0.9975985591354813,2.56,4.62,1.66,1.76,2.199225631196426,3.142857142857143,0,1,1,1,1,1
0,293,500000,839,1.566332,0.3146603098927294,1.0,1922,0.9969909729187563,2.47,4.9,3.39,1.93,3.376990219746211,2.2,0,1,1,1,1,1
0,294,4570000,232,0.018114004376367614,0.2025862068965517,0.0,99,0.9924812030075187,4.17,1.3,2.49,2.33,4.38,3.3333333333333335,1,0,1,0,1,1
0,295,3230000,347,0.19106037151702787,0.17579250720461095,1.0,2066,0.9853842527109854,4.51,2.65,3.62,1.78,2.44,2.6296296296296298,1,1,1,1,1,1
0,296,1860000,267,8.978494623655914e-05,0.00749063670411985,0.0,0,0.0,4.34,1.13,2.24,3.39,3.23,3.3541666666666665,0,1,1,1,1,1
0,297,150000,361,18.12652,0.4515235457063712,1.0,2832,0.9970872655248747,2.46,2.4,1.31,1.28,2.7019114190226254,2.891891891891892,0,1,0,1,1,1
0,298,4670000,737,0.11722098501070664,0.09090909090909091,1.0,2070,0.9888524590163934,2.81,1.58,4.76,1.57,2.07,3.0588235294117645,1,1,1,1,1,1
0,299,4780000,899,0.12403891213389122,0.07563959955506118,1.0,647,0.9893048128342246,3.95,1.7,1.54,2.74,4.87,2.8636363636363638,1,1,0,1,1,1
