,Budget,Overall Deadline,Cost,Duration,Expired Subdeadlines,Met Subdeadlines,Commits,Fixed Defects,Total Defects,Team Communication,Team Commitment,Team Morale,Project Planning,Top-Level Management Support,Average Team Experience,Finance Success,Timescale Success,Team Success,Management Success,Code Success,Success
148,6982000,667,861322,148,1,1,819,2259,2268,3.585,3.13,1.63,1.63,4.65,2.9166666666666665,1,1,1,1,1,1
339,6982000,667,2043432,339,1,1,1956,5463,5473,3.585,3.13,1.63,1.63,4.65,2.9166666666666665,1,1,1,1,1,1
344,6982000,667,2077032,344,1,1,1987,5548,5558,3.585,3.13,1.63,1.63,4.65,2.9166666666666665,1,1,1,1,1,1
355,2415000,967,1168792,355,1,1,2677,2379,2382,3.635,1.81,3.07,1.1,3.65,2.8,1,1,1,0,1,1
293,2415000,967,963519,293,1,1,2190,1939,1941,3.635,1.81,3.07,1.1,3.65,2.8,1,1,1,0,1,1
294,2415000,967,970512,294,1,1,2198,1946,1948,3.635,1.81,3.07,1.1,3.65,2.8,1,1,1,0,1,1
1790,5421000,1499,2118123,1790,1,0,2642,2486,2486,2.74,2.08,3.16,3.27,3.5800788107633843,4.0,0,0,0,0,0,0
1573,5421000,1499,1831321,1573,1,0,2277,2198,2199,2.74,2.08,3.16,3.27,4.448172718256365,4.0,0,0,0,0,0,0
249,5421000,1499,246011,249,0,0,376,317,320,2.74,2.08,3.16,3.27,4.79,4.0,0,0,0,0,0,0
136,8176000,1517,1849631,136,3,3,4382,6051,6080,2.59,4.57,2.35,3.94,2.25,2.775,1,1,1,1,1,1
131,8176000,1517,1763997,131,3,3,4197,5742,5771,2.59,4.57,2.35,3.94,2.25,2.775,1,1,1,1,1,1
86,8176000,1517,998501,86,2,2,2414,3224,3250,2.59,4.57,2.35,3.94,2.25,2.775,1,1,1,1,1,1
411,5582000,1551,617127,411,1,1,369,1041,1041,3.6799999999999997,2.37,1.76,4.65,3.86,4.0,1,1,1,1,1,1
286,5582000,1551,395196,286,1,1,239,689,692,3.6799999999999997,2.37,1.76,4.65,3.86,4.0,1,1,1,1,1,1
681,5582000,1551,1050683,681,1,1,645,1794,1796,3.6799999999999997,2.37,1.76,4.65,3.86,4.0,1,1,1,1,1,1
207,849000,1331,717494,207,12,12,1356,1888,1895,2.105,2.33,2.74,2.36,3.33,3.0,1,1,0,1,1,1
155,849000,1331,519940,155,9,9,965,1396,1401,2.105,2.33,2.74,2.36,3.33,3.0,1,1,0,1,1,1
154,849000,1331,510400,154,9,9,958,1380,1387,2.105,2.33,2.74,2.36,3.33,3.0,1,1,0,1,1,1
90,3726000,1136,658272,90,1,1,1894,1696,1708,3.795,2.72,3.87,2.96,2.73,3.3125,1,1,1,1,1,1
68,3726000,1136,477318,68,0,0,1354,1241,1252,3.795,2.72,3.87,2.96,2.73,3.3125,1,1,1,1,1,1
125,3726000,1136,945054,125,1,1,2702,2460,2477,3.795,2.72,3.87,2.96,2.73,3.3125,1,1,1,1,1,1
3,9790000,148,303,3,0,0,0,0,0,3.63,2.33,4.72,4.93,4.94,3.0,1,0,1,1,1,1
190,9790000,148,229608,190,1,0,659,482,485,3.63,2.33,4.72,4.93,4.736717177557684,3.0,1,0,1,1,1,1
147,9790000,148,177343,147,1,0,494,356,358,3.63,2.33,4.72,4.93,4.94,3.0,1,0,1,1,1,1
99,6002000,1057,285211,99,7,7,884,822,826,3.05,1.06,3.87,2.53,4.56,2.7142857142857144,1,1,1,1,1,1
50,6002000,1057,119905,50,2,2,347,341,343,3.05,1.06,3.87,2.53,4.56,2.7142857142857144,1,1,1,1,1,1
115,6002000,1057,344240,115,8,8,1044,984,990,3.05,1.06,3.87,2.53,4.56,2.7142857142857144,1,1,1,1,1,1
3,2972000,1007,174,3,0,0,0,0,0,3.095,4.5,2.46,3.41,1.12,2.466666666666667,0,0,0,0,0,0
32,2972000,1007,74192,32,0,0,184,263,269,3.095,4.5,2.46,3.41,1.12,2.466666666666667,0,0,0,0,0,0
25,2972000,1007,35342,25,0,0,88,105,120,3.095,4.5,2.46,3.41,1.12,2.466666666666667,0,0,0,0,0,0
36,5928000,1989,343509,36,0,0,1043,958,998,3.6950000000000003,4.03,3.44,3.42,1.51,3.025,1,1,1,0,1,1
34,5928000,1989,304449,34,0,0,921,853,871,3.6950000000000003,4.03,3.44,3.42,1.51,3.025,1,1,1,0,1,1
21,5928000,1989,57372,21,0,0,172,126,163,3.6950000000000003,4.03,3.44,3.42,1.51,3.025,1,1,1,0,1,1
104,3643000,69,1196074,104,3,0,4902,3512,3547,2.615,2.52,4.51,4.5,2.9450449464628012,3.111111111111111,1,0,1,1,1,1
99,3643000,69,1112074,99,3,0,4558,3261,3283,2.615,2.52,4.51,4.5,2.95981445015241,3.111111111111111,1,0,1,1,1,1
95,3643000,69,1041714,95,3,0,4276,3062,3082,2.615,2.52,4.51,4.5,2.97168336539757,3.111111111111111,1,0,1,1,1,1
30,443000,1596,104260,30,0,0,64,174,177,4.359999999999999,2.58,1.51,1.86,2.96,3.8,0,0,0,0,0,0
398,443000,1596,1460817,398,0,0,980,2731,2738,4.359999999999999,2.58,1.51,1.86,2.25027442834934,3.8,0,0,0,0,0,0
602,443000,1596,2290465,602,0,0,1488,4136,4140,4.359999999999999,2.58,1.51,1.86,1.8348268344070644,3.8,0,0,0,0,0,0
61,3652000,1827,406499,61,3,3,770,1092,1106,3.8600000000000003,1.33,2.91,2.02,2.28,3.0588235294117645,1,1,1,0,1,1
38,3652000,1827,194088,38,1,1,404,559,578,3.8600000000000003,1.33,2.91,2.02,2.28,3.0588235294117645,1,1,1,0,1,1
71,3652000,1827,493617,71,4,4,916,1326,1338,3.8600000000000003,1.33,2.91,2.02,2.28,3.0588235294117645,1,1,1,0,1,1
131,1677000,307,722317,131,1,1,1477,1981,1995,3.4050000000000002,1.16,2.15,4.09,3.24,3.142857142857143,1,1,0,1,1,1
107,1677000,307,549865,107,0,0,1130,1516,1522,3.4050000000000002,1.16,2.15,4.09,3.24,3.142857142857143,1,1,0,1,1,1
163,1677000,307,946681,163,1,1,1955,2593,2603,3.4050000000000002,1.16,2.15,4.09,3.24,3.142857142857143,1,1,0,1,1,1
26,7255000,1700,44470,26,0,0,220,130,146,2.59,1.29,4.78,3.26,2.02,2.96,1,1,1,1,1,1
107,7255000,1700,978819,107,5,5,4230,2891,2913,2.59,1.29,4.78,3.26,2.02,2.96,1,1,1,1,1,1
69,7255000,1700,540971,69,2,2,2398,1579,1604,2.59,1.29,4.78,3.26,2.02,2.96,1,1,1,1,1,1
42,6054000,507,300071,42,0,0,663,884,910,3.535,3.21,2.2,3.73,1.77,2.909090909090909,1,1,1,1,1,1
114,6054000,507,1381761,114,5,5,3022,4300,4325,3.535,3.21,2.2,3.73,1.77,2.909090909090909,1,1,1,1,1,1
21,6054000,507,446,21,0,0,0,0,0,3.535,3.21,2.2,3.73,1.77,2.909090909090909,1,1,1,1,1,1
112,2953000,129,293956,112,3,0,309,813,818,3.04,3.8,1.65,3.94,3.62,2.7142857142857144,1,0,1,1,1,1
66,2953000,129,130434,66,2,0,153,373,377,3.04,3.8,1.65,3.94,3.62,2.7142857142857144,1,0,1,1,1,1
204,2953000,129,581040,204,3,0,615,1694,1695,3.04,3.8,1.65,3.94,3.358305397671804,2.7142857142857144,1,0,1,1,1,1
1,5051000,666,452,1,0,0,0,0,0,2.875,2.72,4.98,1.39,1.16,3.0,0,0,0,0,0,0
8,5051000,666,261,8,0,0,0,0,0,2.875,2.72,4.98,1.39,1.16,3.0,0,0,0,0,0,0
7,5051000,666,397,7,0,0,0,0,0,2.875,2.72,4.98,1.39,1.16,3.0,0,0,0,0,0,0
115,9268000,254,2306185,115,3,3,4973,6880,6911,2.16,4.05,2.37,1.21,2.21,2.933333333333333,1,1,1,0,1,1
176,9268000,254,3566048,176,4,4,7764,10625,10655,2.16,4.05,2.37,1.21,2.21,2.933333333333333,1,1,1,0,1,1
152,9268000,254,3075986,152,4,4,6673,9142,9172,2.16,4.05,2.37,1.21,2.21,2.933333333333333,1,1,1,0,1,1
154,9677000,1238,1111175,154,2,2,3169,3033,3044,3.77,4.38,3.76,1.17,4.11,2.8,1,1,1,1,1,1
71,9677000,1238,500030,71,0,0,1362,1287,1297,3.77,4.38,3.76,1.17,4.11,2.8,1,1,1,1,1,1
3,9677000,1238,169,3,0,0,0,0,0,3.77,4.38,3.76,1.17,4.11,2.8,1,1,1,1,1,1
3236,9783000,1763,2413676,3236,3,0,1557,4566,4568,1.675,3.69,1.92,4.36,0.9093994006344627,2.0,0,0,0,0,0,0
2456,9783000,1763,1832430,2456,3,0,1197,3424,3424,1.675,3.69,1.92,4.36,1.9846039315514776,2.0,0,0,0,0,0,0
1252,9783000,1763,885768,1252,2,0,620,1744,1746,1.675,3.69,1.92,4.36,3.97,2.0,0,0,0,0,0,0
272,3386000,479,438326,272,1,1,750,673,673,3.825,2.12,3.82,2.78,3.68,3.5,1,1,1,1,1,1
248,3386000,479,397063,248,1,1,676,619,623,3.825,2.12,3.82,2.78,3.68,3.5,1,1,1,1,1,1
61,3386000,479,65106,61,0,0,131,112,113,3.825,2.12,3.82,2.78,3.68,3.5,1,1,1,1,1,1
49,2130000,203,197227,49,0,0,975,683,694,2.455,2.5,4.24,4.76,1.09,2.526315789473684,1,1,1,1,1,1
59,2130000,203,269994,59,0,0,1336,935,945,2.455,2.5,4.24,4.76,1.09,2.526315789473684,1,1,1,1,1,1
30,2130000,203,50609,30,0,0,260,170,182,2.455,2.5,4.24,4.76,1.09,2.526315789473684,1,1,1,1,1,1
46,3478000,1738,370854,46,2,2,735,988,1000,2.44,2.52,2.25,3.69,1.1,3.230769230769231,1,1,0,0,1,1
45,3478000,1738,358254,45,2,2,711,964,976,2.44,2.52,2.25,3.69,1.1,3.230769230769231,1,1,0,0,1,1
83,3478000,1738,855656,83,7,7,1725,2259,2280,2.44,2.52,2.25,3.69,1.1,3.230769230769231,1,1,0,0,1,1
27,793000,1020,416120,27,0,0,858,1121,1145,3.07,3.59,2.8,1.46,4.94,3.0697674418604652,0,1,1,1,1,1
62,793000,1020,1139719,62,1,1,2357,3169,3191,3.07,3.59,2.8,1.46,4.856688492526694,3.0697674418604652,0,1,1,1,1,1
133,793000,1020,2650223,133,2,2,5487,7455,7486,3.07,3.59,2.8,1.46,4.523659552814482,3.0697674418604652,0,1,1,1,1,1
11,9088000,922,469,11,0,0,0,0,0,2.665,4.58,3.59,3.76,4.51,3.6,1,1,1,1,1,1
308,9088000,922,903127,308,1,1,2124,1955,1957,2.665,4.58,3.59,3.76,4.51,3.6,1,1,1,1,1,1
190,9088000,922,535044,190,1,1,1252,1155,1156,2.665,4.58,3.59,3.76,4.51,3.6,1,1,1,1,1,1
374,3299000,471,8506287,374,1,0,8685,24573,24605,2.395,1.02,1.02,1.46,2.3234206226593184,3.0625,0,0,0,0,1,0
127,3299000,471,2743696,127,0,0,2869,7868,7899,2.395,1.02,1.02,1.46,2.91,3.0625,0,0,0,0,1,0
190,3299000,471,4221610,190,0,0,4352,12186,12222,2.395,1.02,1.02,1.46,2.7930454719279707,3.0625,0,0,0,0,1,0
86,8438000,959,567597,86,10,10,1307,1929,1940,2.935,4.76,2.41,3.34,2.36,2.75,1,1,1,1,1,1
136,8438000,959,985885,136,10,10,2294,3301,3317,2.935,4.76,2.41,3.34,2.36,2.75,1,1,1,1,1,1
23,8438000,959,24941,23,0,0,62,69,88,2.935,4.76,2.41,3.34,2.36,2.75,1,1,1,1,1,1
1698,4612000,775,6623612,1698,2,2,5891,16724,16728,2.425,1.16,1.09,1.08,1.7633097248287266,2.5714285714285716,0,1,0,0,1,0
1305,4612000,775,5046955,1305,2,2,4548,12894,12898,2.425,1.16,1.09,1.08,2.612713142593863,2.5714285714285716,0,1,0,0,1,0
1419,4612000,775,5519218,1419,2,2,4937,13977,13982,2.425,1.16,1.09,1.08,2.331081123854304,2.5714285714285716,0,1,0,0,1,0
274,9072000,635,578386,274,15,15,1962,1704,1706,2.915,2.55,3.92,4.58,4.29,2.6,1,1,1,1,1,1
226,9072000,635,479345,226,12,12,1569,1343,1350,2.915,2.55,3.92,4.58,4.29,2.6,1,1,1,1,1,1
37,9072000,635,36750,37,0,0,93,71,75,2.915,2.55,3.92,4.58,4.29,2.6,1,1,1,1,1,1
95,5010000,1217,1479038,95,6,6,1789,5006,5054,3.61,2.61,1.17,4.12,1.37,2.660377358490566,0,0,0,0,0,0
16,5010000,1217,483,16,0,0,0,0,0,3.61,2.61,1.17,4.12,1.37,2.660377358490566,0,0,0,0,0,0
148,5010000,1217,2639669,148,6,6,3193,9050,9078,3.61,2.61,1.17,4.12,1.37,2.660377358490566,0,0,0,0,0,0
20,1517000,1723,15192,20,0,0,24,18,38,2.755,4.72,2.98,3.64,1.35,3.413793103448276,0,1,1,0,1,1
30,1517000,1723,173639,30,0,0,301,398,414,2.755,4.72,2.98,3.64,1.35,3.413793103448276,0,1,1,0,1,1
102,1517000,1723,1257303,102,3,3,2427,3331,3361,2.755,4.72,2.98,3.64,1.35,3.413793103448276,0,1,1,0,1,1
150,8583000,1649,1150116,150,2,2,3418,3246,3261,3.2350000000000003,2.7,3.36,3.92,4.58,3.176470588235294,1,1,1,1,1,1
90,8583000,1649,637181,90,1,1,1896,1831,1841,3.2350000000000003,2.7,3.36,3.92,4.58,3.176470588235294,1,1,1,1,1,1
70,8583000,1649,465766,70,0,0,1387,1329,1342,3.2350000000000003,2.7,3.36,3.92,4.58,3.176470588235294,1,1,1,1,1,1
160,564000,858,1117872,160,1,1,3526,3481,3491,2.0949999999999998,3.65,3.16,3.89,1.5927432544244544,2.9411764705882355,0,1,1,1,1,1
68,564000,858,397542,68,0,0,1211,1240,1255,2.0949999999999998,3.65,3.16,3.89,1.71,2.9411764705882355,0,1,1,1,1,1
86,564000,858,534106,86,0,0,1692,1699,1707,2.0949999999999998,3.65,3.16,3.89,1.71,2.9411764705882355,0,1,1,1,1,1
65,1147000,155,471112,65,1,0,1838,1231,1248,3.0700000000000003,3.3,4.78,1.38,3.48,2.9375,0,0,1,0,1,0
33,1147000,155,207798,33,0,0,795,533,545,3.0700000000000003,3.3,4.78,1.38,3.48,2.9375,0,0,1,0,1,0
26,1147000,155,144162,26,0,0,563,392,406,3.0700000000000003,3.3,4.78,1.38,3.48,2.9375,0,0,1,0,1,0
94,4143000,1054,1288635,94,2,2,2284,3217,3239,3.54,3.48,2.88,2.26,4.92,3.5,1,1,1,1,1,1
35,4143000,1054,360936,35,0,0,643,854,878,3.54,3.48,2.88,2.26,4.92,3.5,1,1,1,1,1,1
101,4143000,1054,1391535,101,2,2,2493,3498,3515,3.54,3.48,2.88,2.26,4.92,3.5,1,1,1,1,1,1
47,5140000,896,183208,47,3,3,867,593,601,3.06,2.64,4.87,3.97,2.18,2.75,1,1,1,1,1,1
111,5140000,896,735272,111,15,15,3427,2398,2409,3.06,2.64,4.87,3.97,2.18,2.75,1,1,1,1,1,1
30,5140000,896,34415,30,0,0,165,101,115,3.06,2.64,4.87,3.97,2.18,2.75,1,1,1,1,1,1
67,5536000,1900,167300,67,0,0,153,444,450,2.8600000000000003,2.52,1.4,4.95,4.37,3.1,1,1,0,1,1,1
118,5536000,1900,422072,118,0,0,393,1127,1137,2.8600000000000003,2.52,1.4,4.95,4.37,3.1,1,1,0,1,1,1
305,5536000,1900,1351701,305,1,1,1320,3703,3707,2.8600000000000003,2.52,1.4,4.95,4.37,3.1,1,1,0,1,1,1
57,1806000,1774,559168,57,2,2,576,1681,1696,3.38,2.76,1.71,1.6,1.7,2.875,0,1,1,0,1,1
1,1806000,1774,435,1,0,0,0,0,0,3.38,2.76,1.71,1.6,1.7,2.875,0,1,1,0,1,1
219,1806000,1774,2387384,219,6,6,2545,7079,7094,3.38,2.76,1.71,1.6,1.6154325183670186,2.875,0,1,1,0,1,1
15,9371000,302,40947,15,0,0,105,68,100,2.67,4.93,3.71,2.76,3.53,3.4871794871794872,1,1,1,1,1,1
26,9371000,302,275204,26,0,0,743,624,646,2.67,4.93,3.71,2.76,3.53,3.4871794871794872,1,1,1,1,1,1
44,9371000,302,656024,44,1,1,1812,1609,1637,2.67,4.93,3.71,2.76,3.53,3.4871794871794872,1,1,1,1,1,1
75,8839000,816,891202,75,0,0,942,2649,2684,3.475,2.12,1.21,4.54,1.35,3.021276595744681,1,1,0,1,1,1
42,8839000,816,184522,42,0,0,195,462,497,3.475,2.12,1.21,4.54,1.35,3.021276595744681,1,1,0,1,1,1
164,8839000,816,2846900,164,1,1,3038,8491,8531,3.475,2.12,1.21,4.54,1.35,3.021276595744681,1,1,0,1,1,1
69,9259000,574,979175,69,0,0,1098,3054,3077,3.775,1.73,1.04,1.81,3.63,2.8333333333333335,0,1,0,0,1,0
142,9259000,574,2180959,142,1,1,2401,6784,6808,3.775,1.73,1.04,1.81,3.63,2.8333333333333335,0,1,0,0,1,0
409,9259000,574,6532965,409,1,1,7190,20333,20356,3.775,1.73,1.04,1.81,3.63,2.8333333333333335,0,1,0,0,1,0
113,3457000,1071,1808929,113,10,10,1884,5331,5361,2.775,1.96,1.21,2.91,4.65,3.0526315789473686,0,1,0,1,1,1
202,3457000,1071,3401220,202,12,12,3541,10074,10099,2.775,1.96,1.21,2.91,4.65,3.0526315789473686,0,1,0,1,1,1
69,3457000,1071,1022269,69,5,5,1071,2966,3008,2.775,1.96,1.21,2.91,4.65,3.0526315789473686,0,1,0,1,1,1
146,3603000,1157,1254302,146,2,2,1288,3610,3632,2.31,1.41,1.25,4.08,3.48,3.0869565217391304,1,1,0,1,1,1
36,3603000,1157,42602,36,0,0,47,105,128,2.31,1.41,1.25,4.08,3.48,3.0869565217391304,1,1,0,1,1,1
72,3603000,1157,431584,72,0,0,447,1255,1266,2.31,1.41,1.25,4.08,3.48,3.0869565217391304,1,1,0,1,1,1
99,6894000,700,326189,99,0,0,496,705,709,2.695,4.7,2.51,3.74,4.4,3.5,1,1,1,1,1,1
29,6894000,700,59790,29,0,0,72,117,121,2.695,4.7,2.51,3.74,4.4,3.5,1,1,1,1,1,1
314,6894000,700,1077421,314,1,1,1766,2479,2482,2.695,4.7,2.51,3.74,4.4,3.5,1,1,1,1,1,1
50,8415000,367,618036,50,1,1,548,1577,1601,3.785,1.26,1.23,1.74,1.85,3.185185185185185,1,1,0,0,1,1
160,8415000,367,2125547,160,4,4,2004,5816,5841,3.785,1.26,1.23,1.74,1.85,3.185185185185185,1,1,0,0,1,1
149,8415000,367,1971415,149,4,4,1869,5372,5386,3.785,1.26,1.23,1.74,1.85,3.185185185185185,1,1,0,0,1,1
36,3866000,1673,65788,36,0,0,53,74,75,4.37,2.79,2.16,1.98,1.55,4.0,1,1,1,0,1,1
138,3866000,1673,304895,138,1,1,247,361,362,4.37,2.79,2.16,1.98,1.55,4.0,1,1,1,0,1,1
275,3866000,1673,550142,275,2,2,546,694,695,4.37,2.79,2.16,1.98,1.55,4.0,1,1,1,0,1,1
84,8377000,1604,213856,84,0,0,512,700,705,3.285,4.68,2.58,3.98,1.6,2.125,1,1,1,1,1,1
79,8377000,1604,183822,79,0,0,475,643,645,3.285,4.68,2.58,3.98,1.6,2.125,1,1,1,1,1,1
149,8377000,1604,392706,149,1,1,1036,1354,1356,3.285,4.68,2.58,3.98,1.6,2.125,1,1,1,1,1,1
244,8581000,1154,1583997,244,1,1,1279,3591,3596,4.235,2.53,1.25,2.63,1.76,3.6363636363636362,1,1,1,0,1,1
228,8581000,1154,1466509,228,1,1,1197,3365,3372,4.235,2.53,1.25,2.63,1.76,3.6363636363636362,1,1,1,0,1,1
227,8581000,1154,1456640,227,1,1,1193,3346,3353,4.235,2.53,1.25,2.63,1.76,3.6363636363636362,1,1,1,0,1,1
88,9883000,611,884641,88,0,0,1912,2574,2591,1.94,2.71,2.23,1.16,4.73,2.7916666666666665,1,1,0,1,1,1
250,9883000,611,2692399,250,1,1,5816,8146,8170,1.94,2.71,2.23,1.16,4.73,2.7916666666666665,1,1,0,1,1,1
218,9883000,611,2347882,218,1,1,5093,7058,7073,1.94,2.71,2.23,1.16,4.73,2.7916666666666665,1,1,0,1,1,1
45,4976000,523,194584,45,0,0,150,446,450,2.85,3.41,1.82,1.3,1.91,3.25,1,1,1,0,1,1
179,4976000,523,866848,179,1,1,709,1988,1992,2.85,3.41,1.82,1.3,1.91,3.25,1,1,1,0,1,1
329,4976000,523,1616463,329,1,1,1312,3703,3710,2.85,3.41,1.82,1.3,1.91,3.25,1,1,1,0,1,1
164,5521000,916,2062323,164,1,1,2574,7270,7289,1.99,1.85,1.22,3.02,4.67,2.5428571428571427,1,1,0,1,1,1
99,5521000,916,1155351,99,0,0,1449,4091,4112,1.99,1.85,1.22,3.02,4.67,2.5428571428571427,1,1,0,1,1,1
48,5521000,916,445017,48,0,0,554,1553,1576,1.99,1.85,1.22,3.02,4.67,2.5428571428571427,1,1,0,1,1,1
85,7870000,1787,440076,85,5,5,1001,1450,1462,3.7800000000000002,2.19,2.35,3.52,2.6,2.6470588235294117,1,1,1,1,1,1
73,7870000,1787,354319,73,4,4,802,1142,1152,3.7800000000000002,2.19,2.35,3.52,2.6,2.6470588235294117,1,1,1,1,1,1
160,7870000,1787,978859,160,12,12,2251,3187,3196,3.7800000000000002,2.19,2.35,3.52,2.6,2.6470588235294117,1,1,1,1,1,1
104,9962000,1000,533859,104,2,2,2153,1938,1953,3.1,2.13,3.44,4.36,1.47,2.388888888888889,1,1,1,1,1,1
121,9962000,1000,647489,121,2,2,2602,2324,2342,3.1,2.13,3.44,4.36,1.47,2.388888888888889,1,1,1,1,1,1
159,9962000,1000,908710,159,3,3,3671,3330,3341,3.1,2.13,3.44,4.36,1.47,2.388888888888889,1,1,1,1,1,1
209,5770000,1005,467974,209,1,1,1578,1015,1015,3.6,4.71,4.36,3.01,4.01,3.25,1,1,1,1,1,1
37,5770000,1005,45991,37,0,0,150,82,83,3.6,4.71,4.36,3.01,4.01,3.25,1,1,1,1,1,1
133,5770000,1005,289874,133,0,0,950,580,584,3.6,4.71,4.36,3.01,4.01,3.25,1,1,1,1,1,1
137,9700000,53,235582,137,1,0,451,650,651,2.85,1.22,2.67,4.51,3.9533882446332105,2.75,1,0,0,1,1,1
152,9700000,53,272436,152,1,0,506,718,720,2.85,1.22,2.67,4.51,3.8945007333222703,2.75,1,0,0,1,1,1
9,9700000,53,81,9,0,0,0,0,0,2.85,1.22,2.67,4.51,4.3,2.75,1,0,0,1,1,1
263,5698000,1274,906252,263,12,12,2974,2071,2075,2.61,1.18,4.85,3.8,2.74,3.6666666666666665,1,1,1,1,1,1
279,5698000,1274,962202,279,13,13,3177,2203,2209,2.61,1.18,4.85,3.8,2.74,3.6666666666666665,1,1,1,1,1,1
211,5698000,1274,721497,211,9,9,2323,1636,1643,2.61,1.18,4.85,3.8,2.74,3.6666666666666665,1,1,1,1,1,1
175,5826000,356,975856,175,1,1,1904,2810,2818,2.855,1.73,2.59,3.5,3.37,3.0,1,1,0,1,1,1
2,5826000,356,21,2,0,0,0,0,0,2.855,1.73,2.59,3.5,3.37,3.0,1,1,0,1,1,1
50,5826000,356,145147,50,0,0,310,437,451,2.855,1.73,2.59,3.5,3.37,3.0,1,1,0,1,1,1
1071,9472000,1297,1683172,1071,1,0,1066,1450,1450,4.3,2.86,2.44,2.0,2.54,5.0,0,0,0,0,0,0
1704,9472000,1297,2732807,1704,1,0,1713,2370,2370,4.3,2.86,2.44,2.0,1.6903919840445625,5.0,0,0,0,0,0,0
1794,9472000,1297,2904808,1794,1,0,1805,2476,2479,4.3,2.86,2.44,2.0,1.5448323841475315,5.0,0,0,0,0,0,0
460,8080000,834,2687632,460,2,2,2805,7907,7916,3.175,2.54,1.18,3.54,3.93,2.8461538461538463,1,1,0,1,1,1
25,8080000,834,59,25,0,0,0,0,0,3.175,2.54,1.18,3.54,3.93,2.8461538461538463,1,1,0,1,1,1
287,8080000,834,1636590,287,2,2,1675,4757,4764,3.175,2.54,1.18,3.54,3.93,2.8461538461538463,1,1,0,1,1,1
100,3546000,2000,172296,100,4,4,947,669,669,1.52,4.6,4.71,3.63,3.83,1.8333333333333333,1,1,1,1,1,1
23,3546000,2000,3660,23,0,0,27,11,16,1.52,4.6,4.71,3.63,3.83,1.8333333333333333,1,1,1,1,1,1
104,3546000,2000,181858,104,5,5,989,702,710,1.52,4.6,4.71,3.63,3.83,1.8333333333333333,1,1,1,1,1,1
89,2018000,419,241170,89,2,2,648,603,609,4.065,2.08,3.72,5.0,2.65,3.4444444444444446,1,1,1,1,1,1
140,2018000,419,506380,140,4,4,1309,1230,1241,4.065,2.08,3.72,5.0,2.65,3.4444444444444446,1,1,1,1,1,1
91,2018000,419,252568,91,2,2,671,623,628,4.065,2.08,3.72,5.0,2.65,3.4444444444444446,1,1,1,1,1,1
184,5624000,1679,648097,184,0,0,1092,1499,1505,1.92,2.19,2.2,1.78,3.15,2.8333333333333335,1,1,0,0,1,1
70,5624000,1679,249910,70,0,0,415,525,527,1.92,2.19,2.2,1.78,3.15,2.8333333333333335,1,1,0,0,1,1
715,5624000,1679,2561009,715,1,1,4265,5992,5998,1.92,2.19,2.2,1.78,3.15,2.8333333333333335,1,1,0,0,1,1
433,7498000,1617,1236526,433,1,1,1212,3414,3417,2.7199999999999998,2.68,1.23,4.99,4.93,2.8333333333333335,1,1,0,1,1,1
1385,7498000,1617,4028378,1385,1,1,4063,11426,11429,2.7199999999999998,2.68,1.23,4.99,4.93,2.8333333333333335,1,1,0,1,1,1
827,7498000,1617,2357732,827,1,1,2416,6725,6731,2.7199999999999998,2.68,1.23,4.99,4.93,2.8333333333333335,1,1,0,1,1,1
86,8758000,238,501758,86,4,2,999,1397,1403,3.76,3.8,2.78,2.02,2.12,3.0,1,1,1,0,1,1
141,8758000,238,875122,141,7,5,1730,2412,2423,3.76,3.8,2.78,2.02,2.12,3.0,1,1,1,0,1,1
92,8758000,238,548514,92,4,2,1080,1508,1515,3.76,3.8,2.78,2.02,2.12,3.0,1,1,1,0,1,1
67,7316000,1304,401297,67,0,0,1125,989,1002,2.77,1.29,3.84,1.32,4.12,3.0,1,1,1,1,1,1
27,7316000,1304,137029,27,0,0,381,357,363,2.77,1.29,3.84,1.32,4.12,3.0,1,1,1,1,1,1
155,7316000,1304,991080,155,1,1,2705,2488,2496,2.77,1.29,3.84,1.32,4.12,3.0,1,1,1,1,1,1
0,3391000,425,0,0,0,0,0,0,0,3.775,2.74,2.6,4.99,1.6,4.0,0,0,0,0,0,0
2,3391000,425,424,2,0,0,0,0,0,3.775,2.74,2.6,4.99,1.6,4.0,0,0,0,0,0,0
3,3391000,425,178,3,0,0,0,0,0,3.775,2.74,2.6,4.99,1.6,4.0,0,0,0,0,0,0
43,7254000,1250,326481,43,2,2,1378,913,938,3.7,2.41,4.16,4.51,3.01,3.142857142857143,1,1,1,1,1,1
69,7254000,1250,767553,69,6,6,3272,2151,2170,3.7,2.41,4.16,4.51,3.01,3.142857142857143,1,1,1,1,1,1
89,7254000,1250,1105414,89,9,9,4669,3108,3137,3.7,2.41,4.16,4.51,3.01,3.142857142857143,1,1,1,1,1,1
767,116000,388,1305347,767,6,0,784,2063,2063,4.17,4.3,1.39,3.36,1.9865905220735511,3.5,0,0,1,1,1,0
19,116000,388,209,19,0,0,0,0,0,4.17,4.3,1.39,3.36,3.97,3.5,0,0,1,1,1,0
250,116000,388,409785,250,4,0,248,630,632,4.17,4.3,1.39,3.36,3.332352584295424,3.5,0,0,1,1,1,0
125,540000,1690,1482734,125,1,1,3205,4508,4540,2.3200000000000003,3.32,2.48,4.25,1.477047405758684,2.9705882352941178,0,1,1,1,1,1
12,540000,1690,211,12,0,0,0,0,0,2.3200000000000003,3.32,2.48,4.25,1.57,2.9705882352941178,0,1,1,1,1,1
61,540000,1690,482029,61,0,0,1067,1450,1463,2.3200000000000003,3.32,2.48,4.25,1.57,2.9705882352941178,0,1,1,1,1,1
136,8197000,123,363440,136,1,0,1085,1002,1007,2.935,4.49,3.93,2.8,4.195080287533288,2.5,1,0,1,1,1,1
313,8197000,123,843974,313,1,0,2691,2524,2533,2.935,4.49,3.93,2.8,3.514242227632238,2.5,1,0,1,1,1,1
174,8197000,123,458328,174,1,0,1403,1343,1344,2.935,4.49,3.93,2.8,4.038581295917545,2.5,1,0,1,1,1,1
165,7210000,1623,2371306,165,12,12,2569,7288,7307,2.535,4.37,1.07,2.88,1.75,2.8823529411764706,1,1,1,0,1,1
287,7210000,1623,4260459,287,14,14,4667,13163,13200,2.535,4.37,1.07,2.88,1.75,2.8823529411764706,1,1,1,0,1,1
197,7210000,1623,2870119,197,14,14,3140,8770,8795,2.535,4.37,1.07,2.88,1.75,2.8823529411764706,1,1,1,0,1,1
91,5572000,578,672627,91,0,0,1942,1868,1882,3.44,2.79,3.27,3.04,4.71,3.111111111111111,1,1,1,1,1,1
142,5572000,578,1137411,142,1,1,3370,3129,3146,3.44,2.79,3.27,3.04,4.71,3.111111111111111,1,1,1,1,1,1
111,5572000,578,856146,111,1,1,2498,2363,2370,3.44,2.79,3.27,3.04,4.71,3.111111111111111,1,1,1,1,1,1
18,3190000,290,57198,18,0,0,113,100,105,3.165,1.39,3.17,1.19,2.62,3.7142857142857144,1,1,1,0,1,1
137,3190000,290,660905,137,1,1,1307,1253,1255,3.165,1.39,3.17,1.19,2.62,3.7142857142857144,1,1,1,0,1,1
63,3190000,290,292189,63,0,0,612,533,538,3.165,1.39,3.17,1.19,2.62,3.7142857142857144,1,1,1,0,1,1
83,1435000,1344,212759,83,0,0,648,627,633,3.09,2.46,3.84,1.79,2.32,2.5,1,1,1,0,1,1
238,1435000,1344,733286,238,2,2,2085,1937,1939,3.09,2.46,3.84,1.79,2.32,2.5,1,1,1,0,1,1
342,1435000,1344,1078752,342,2,2,3054,2821,2824,3.09,2.46,3.84,1.79,2.32,2.5,1,1,1,0,1,1
263,535000,1117,599008,263,2,2,1457,1969,1976,2.625,1.79,2.26,3.57,3.074715242529174,2.3333333333333335,0,1,0,1,1,1
348,535000,1117,836983,348,2,2,1998,2664,2667,2.625,1.79,2.26,3.57,2.8240436168172036,2.3333333333333335,0,1,0,1,1,1
187,535000,1117,394569,187,1,1,985,1348,1355,2.625,1.79,2.26,3.57,3.14,2.3333333333333335,0,1,0,1,1,1
252,2138000,643,538518,252,1,1,2828,1994,2001,2.995,3.38,4.73,2.85,3.5,1.6666666666666667,1,1,1,1,1,1
68,2138000,643,106885,68,0,0,668,448,454,2.995,3.38,4.73,2.85,3.5,1.6666666666666667,1,1,1,1,1,1
178,2138000,643,355633,178,1,1,1954,1373,1378,2.995,3.38,4.73,2.85,3.5,1.6666666666666667,1,1,1,1,1,1
178,2565000,1785,314891,178,3,3,931,655,657,3.09,4.34,4.28,4.8,4.6,3.3333333333333335,1,1,1,1,1,1
138,2565000,1785,224906,138,2,2,702,480,485,3.09,4.34,4.28,4.8,4.6,3.3333333333333335,1,1,1,1,1,1
251,2565000,1785,439015,251,5,5,1342,975,980,3.09,4.34,4.28,4.8,4.6,3.3333333333333335,1,1,1,1,1,1
2,7440000,676,361,2,0,0,0,0,0,3.505,4.83,4.31,1.43,4.69,3.8181818181818183,1,1,1,1,1,1
16,7440000,676,69925,16,0,0,230,164,174,3.505,4.83,4.31,1.43,4.69,3.8181818181818183,1,1,1,1,1,1
31,7440000,676,188471,31,0,0,560,384,390,3.505,4.83,4.31,1.43,4.69,3.8181818181818183,1,1,1,1,1,1
122,5849000,431,484356,122,1,1,403,1135,1139,3.29,3.6,1.47,3.36,2.75,3.375,1,1,1,1,1,1
181,5849000,431,747518,181,2,2,631,1784,1790,3.29,3.6,1.47,3.36,2.75,3.375,1,1,1,1,1,1
56,5849000,431,183281,56,0,0,135,388,396,3.29,3.6,1.47,3.36,2.75,3.375,1,1,1,1,1,1
90,880000,1229,409809,90,0,0,1330,1152,1161,2.175,3.09,3.6,4.01,2.46,2.7142857142857144,0,1,1,1,1,1
113,880000,1229,547794,113,1,1,1797,1609,1631,2.175,3.09,3.6,4.01,2.46,2.7142857142857144,0,1,1,1,1,1
91,880000,1229,415509,91,0,0,1351,1173,1186,2.175,3.09,3.6,4.01,2.46,2.7142857142857144,0,1,1,1,1,1
12,3666000,169,99,12,0,0,0,0,0,3.4899999999999998,4.67,3.53,4.52,1.61,2.8,1,0,1,1,1,1
86,3666000,169,293668,86,0,0,943,871,886,3.4899999999999998,4.67,3.53,4.52,1.61,2.8,1,0,1,1,1,1
2,3666000,169,110,2,0,0,0,0,0,3.4899999999999998,4.67,3.53,4.52,1.61,2.8,1,0,1,1,1,1
89,9528000,681,1412915,89,10,10,2921,4105,4143,2.12,4.04,2.39,3.2,3.72,3.073170731707317,1,1,1,1,1,1
113,9528000,681,1883017,113,13,13,3876,5366,5388,2.12,4.04,2.39,3.2,3.72,3.073170731707317,1,1,1,1,1,1
22,9528000,681,96145,22,0,0,218,265,283,2.12,4.04,2.39,3.2,3.72,3.073170731707317,1,1,1,1,1,1
49,1413000,1518,203895,49,0,0,788,528,549,2.6,3.11,4.1,4.79,3.25,3.409090909090909,1,1,1,1,1,1
56,1413000,1518,282645,56,0,0,1135,770,786,2.6,3.11,4.1,4.79,3.25,3.409090909090909,1,1,1,1,1,1
5,1413000,1518,208,5,0,0,0,0,0,2.6,3.11,4.1,4.79,3.25,3.409090909090909,1,1,1,1,1,1
252,8590000,962,811335,252,4,4,353,999,1000,4.155,1.72,1.76,1.15,2.44,4.333333333333333,1,1,1,0,1,1
426,8590000,962,1384899,426,10,10,627,1734,1736,4.155,1.72,1.76,1.15,2.44,4.333333333333333,1,1,1,0,1,1
153,8590000,962,499060,153,4,4,216,614,617,4.155,1.72,1.76,1.15,2.44,4.333333333333333,1,1,1,0,1,1
19,1919000,183,387,19,0,0,0,0,0,2.915,3.07,2.37,3.95,4.13,2.5625,1,0,1,1,1,1
58,1919000,183,224474,58,2,0,592,838,845,2.915,3.07,2.37,3.95,4.13,2.5625,1,0,1,1,1,1
92,1919000,183,454513,92,3,0,1135,1578,1591,2.915,3.07,2.37,3.95,4.13,2.5625,1,0,1,1,1,1
752,7474000,789,5234403,752,7,6,5549,15447,15456,2.05,3.81,1.09,2.98,3.9,2.8666666666666667,1,1,0,1,1,1
493,7474000,789,3385846,493,6,5,3605,9932,9945,2.05,3.81,1.09,2.98,3.9,2.8666666666666667,1,1,0,1,1,1
757,7474000,789,5271553,757,7,6,5583,15557,15566,2.05,3.81,1.09,2.98,3.9,2.8666666666666667,1,1,0,1,1,1
100,9920000,175,600317,100,8,0,1357,1844,1850,2.4349999999999996,4.41,2.14,1.85,1.53,2.5714285714285716,1,0,1,0,1,1
140,9920000,175,833009,140,12,0,1927,2643,2650,2.4349999999999996,4.41,2.14,1.85,1.53,2.5714285714285716,1,0,1,0,1,1
20,9920000,175,85557,20,1,0,206,264,274,2.4349999999999996,4.41,2.14,1.85,1.53,2.5714285714285716,1,0,1,0,1,1
120,349000,1428,401569,120,0,0,298,785,791,3.3449999999999998,1.78,1.57,3.58,1.6073277383083713,4.0,0,1,0,0,1,1
123,349000,1428,412369,123,0,0,308,807,811,3.3449999999999998,1.78,1.57,3.58,1.6025105754693332,4.0,0,1,0,0,1,1
362,349000,1428,1390009,362,1,1,1041,2789,2793,3.3449999999999998,1.78,1.57,3.58,1.2616897947426273,4.0,0,1,0,0,1,1
94,4482000,152,811545,94,1,1,1638,2285,2309,3.13,4.96,2.97,4.43,2.14,3.24,1,1,1,1,1,1
90,4482000,152,762945,90,1,1,1545,2142,2166,3.13,4.96,2.97,4.43,2.14,3.24,1,1,1,1,1,1
26,4482000,152,51,26,0,0,0,0,0,3.13,4.96,2.97,4.43,2.14,3.24,1,1,1,1,1,1
34,7069000,1234,404,34,0,0,0,0,0,3.4299999999999997,2.44,4.92,4.82,2.52,3.2093023255813953,1,1,1,1,1,1
54,7069000,1234,408208,54,1,1,1666,1096,1127,3.4299999999999997,2.44,4.92,4.82,2.52,3.2093023255813953,1,1,1,1,1,1
99,7069000,1234,1343534,99,5,5,5590,3781,3815,3.4299999999999997,2.44,4.92,4.82,2.52,3.2093023255813953,1,1,1,1,1,1
28,239000,139,82864,28,0,0,219,196,206,2.245,2.18,3.93,2.64,4.51,2.9,0,0,1,1,1,0
52,239000,139,197498,52,0,0,561,530,540,2.245,2.18,3.93,2.64,4.51,2.9,0,0,1,1,1,0
176,239000,139,833865,176,1,0,2421,2210,2218,2.245,2.18,3.93,2.64,4.003774790803952,2.9,0,0,1,1,1,0
157,1969000,722,579773,157,1,1,1360,1775,1784,3.29,4.43,2.73,4.23,2.56,2.6363636363636362,1,1,1,1,1,1
112,1969000,722,368717,112,1,1,872,1121,1128,3.29,4.43,2.73,4.23,2.56,2.6363636363636362,1,1,1,1,1,1
54,1969000,722,104055,54,0,0,233,274,282,3.29,4.43,2.73,4.23,2.56,2.6363636363636362,1,1,1,1,1,1
1124,7390000,1714,2105182,1124,4,4,1695,4593,4594,2.335,2.87,1.53,1.89,2.8,2.3333333333333335,0,0,0,0,0,0
1663,7390000,1714,3236952,1663,6,6,2512,6888,6891,2.335,2.87,1.53,1.89,2.8,2.3333333333333335,0,0,0,0,0,0
1241,7390000,1714,2307720,1241,5,5,1868,5084,5086,2.335,2.87,1.53,1.89,2.8,2.3333333333333335,0,0,0,0,0,0
95,1389000,103,1665643,95,1,0,7742,5345,5390,2.325,2.17,4.38,3.53,2.934555368067801,2.7818181818181817,0,0,1,1,1,0
74,1389000,103,1168792,74,1,0,5449,3675,3725,2.325,2.17,4.38,3.53,2.97,2.7818181818181817,0,0,1,1,1,0
20,1389000,103,401,20,0,0,0,0,0,2.325,2.17,4.38,3.53,2.97,2.7818181818181817,0,0,1,1,1,0
91,3358000,1371,1435084,91,1,1,3323,4601,4630,3.4899999999999998,3.45,2.65,2.1,4.71,2.7954545454545454,1,1,1,1,1,1
37,3358000,1371,401861,37,0,0,881,1235,1259,3.4899999999999998,3.45,2.65,2.1,4.71,2.7954545454545454,1,1,1,1,1,1
83,3358000,1371,1280079,83,1,1,2977,4045,4071,3.4899999999999998,3.45,2.65,2.1,4.71,2.7954545454545454,1,1,1,1,1,1
257,2411000,1285,918269,257,4,4,2229,1956,1963,3.94,3.22,3.86,1.48,4.88,3.1666666666666665,1,1,1,1,1,1
172,2411000,1285,603179,172,2,2,1450,1288,1291,3.94,3.22,3.86,1.48,4.88,3.1666666666666665,1,1,1,1,1,1
261,2411000,1285,930733,261,4,4,2267,2006,2008,3.94,3.22,3.86,1.48,4.88,3.1666666666666665,1,1,1,1,1,1
173,6892000,540,2502132,173,2,2,2416,6976,6996,3.625,2.88,1.01,2.03,2.39,3.15625,1,1,1,0,1,1
45,6892000,540,439652,45,0,0,444,1188,1213,3.625,2.88,1.01,2.03,2.39,3.15625,1,1,1,0,1,1
87,6892000,540,1103736,87,0,0,1085,3099,3123,3.625,2.88,1.01,2.03,2.39,3.15625,1,1,1,0,1,1
248,2449000,1175,1584912,248,1,1,1760,4872,4884,2.9299999999999997,1.98,1.67,2.09,3.47,2.6,1,1,0,1,1,1
50,2449000,1175,257121,50,0,0,273,807,809,2.9299999999999997,1.98,1.67,2.09,3.47,2.6,1,1,0,1,1,1
136,2449000,1175,809524,136,0,0,930,2496,2506,2.9299999999999997,1.98,1.67,2.09,3.47,2.6,1,1,0,1,1,1
299,3694000,1351,665562,299,3,0,564,414,414,3.1,3.01,4.29,1.18,2.76,5.0,0,0,0,0,0,0
823,3694000,1351,1784221,823,10,0,1646,1101,1102,3.1,3.01,4.29,1.18,2.76,5.0,0,0,0,0,0,0
1045,3694000,1351,2199764,1045,12,0,2073,1398,1398,3.1,3.01,4.29,1.18,2.76,5.0,0,0,0,0,0,0
3,6165000,51,449,3,0,0,0,0,0,2.325,1.34,4.57,4.58,1.81,2.8333333333333335,1,0,1,1,1,1
7,6165000,51,424,7,0,0,0,0,0,2.325,1.34,4.57,4.58,1.81,2.8333333333333335,1,0,1,1,1,1
119,6165000,51,896493,119,4,0,4075,2750,2770,2.325,1.34,4.57,4.58,1.690953925405547,2.8333333333333335,1,0,1,1,1,1
546,8375000,729,2463882,546,12,12,2465,6910,6915,1.92,4.72,1.46,1.37,1.21,2.5555555555555554,0,0,0,0,0,0
269,8375000,729,1155284,269,8,8,1181,3347,3354,1.92,4.72,1.46,1.37,1.21,2.5555555555555554,0,0,0,0,0,0
336,8375000,729,1477028,336,10,10,1492,4237,4243,1.92,4.72,1.46,1.37,1.21,2.5555555555555554,0,0,0,0,0,0
1121,2204000,310,1522305,1121,1,0,1070,3161,3162,2.875,3.65,1.98,1.93,1.5681429743757964,1.5,1,0,1,0,1,1
396,2204000,310,453272,396,1,0,372,1104,1105,2.875,3.65,1.98,1.93,3.2389682646531694,1.5,1,0,1,0,1,1
808,2204000,310,1061657,808,1,0,770,2265,2265,2.875,3.65,1.98,1.93,2.144805140836512,1.5,1,0,1,0,1,1
15,2215000,1320,273,15,0,0,0,0,0,2.35,3.63,4.78,3.38,1.73,3.0,1,1,1,1,1,1
68,2215000,1320,170854,68,1,1,636,444,447,2.35,3.63,4.78,3.38,1.73,3.0,1,1,1,1,1,1
39,2215000,1320,62470,39,0,0,230,147,153,2.35,3.63,4.78,3.38,1.73,3.0,1,1,1,1,1,1
200,7526000,822,1617233,200,1,1,1616,4520,4536,3.005,1.57,1.06,3.11,3.75,3.0,1,1,0,1,1,1
375,7526000,822,3146967,375,1,1,3255,8896,8909,3.005,1.57,1.06,3.11,3.75,3.0,1,1,0,1,1,1
138,7526000,822,1061541,138,1,1,1080,2947,2965,3.005,1.57,1.06,3.11,3.75,3.0,1,1,0,1,1,1
9,4773000,1707,22311,9,0,0,111,64,79,3.1550000000000002,1.88,4.51,1.84,4.8,2.423076923076923,1,1,1,1,1,1
101,4773000,1707,964945,101,1,1,4762,3416,3434,3.1550000000000002,1.88,4.51,1.84,4.8,2.423076923076923,1,1,1,1,1,1
96,4773000,1707,915424,96,1,1,4499,3243,3266,3.1550000000000002,1.88,4.51,1.84,4.8,2.423076923076923,1,1,1,1,1,1
70,1299000,1856,977587,70,0,0,2265,3175,3204,3.4749999999999996,1.22,2.2,3.71,1.73,2.8222222222222224,0,1,0,1,1,1
107,1299000,1856,1700493,107,1,1,3932,5357,5389,3.4749999999999996,1.22,2.2,3.71,1.6940310094189397,2.8222222222222224,0,1,0,1,1,1
15,1299000,1856,208,15,0,0,0,0,0,3.4749999999999996,1.22,2.2,3.71,1.73,2.8222222222222224,0,1,0,1,1,1
41,92000,62,113814,41,2,0,134,172,175,3.4850000000000003,2.43,2.79,1.89,4.816434552371749,3.75,0,0,1,1,1,0
9,92000,62,178,9,0,0,0,0,0,3.4850000000000003,2.43,2.79,1.89,4.86,3.75,0,0,1,1,1,0
109,92000,62,359252,109,2,0,403,553,554,3.4850000000000003,2.43,2.79,1.89,4.499651333034207,3.75,0,0,1,1,1,0
43,7763000,813,424503,43,0,0,398,1099,1118,3.6,3.66,1.52,3.65,2.65,3.2,1,1,1,1,1,1
45,7763000,813,458103,45,0,0,429,1183,1203,3.6,3.66,1.52,3.65,2.65,3.2,1,1,1,1,1,1
23,7763000,813,67448,23,0,0,71,169,186,3.6,3.66,1.52,3.65,2.65,3.2,1,1,1,1,1,1
16,9594000,1785,303,16,0,0,0,0,0,3.6500000000000004,1.65,2.16,3.36,3.83,2.857142857142857,1,1,1,1,1,1
35,9594000,1785,68505,35,0,0,148,187,195,3.6500000000000004,1.65,2.16,3.36,3.83,2.857142857142857,1,1,1,1,1,1
173,9594000,1785,982182,173,5,5,2030,2889,2903,3.6500000000000004,1.65,2.16,3.36,3.83,2.857142857142857,1,1,1,1,1,1
41,3349000,627,271054,41,1,1,536,814,831,2.185,3.1,2.02,3.67,4.55,2.9714285714285715,1,1,0,1,1,1
89,3349000,627,1043889,89,4,4,2162,3178,3190,2.185,3.1,2.02,3.67,4.55,2.9714285714285715,1,1,0,1,1,1
7,3349000,627,137,7,0,0,0,0,0,2.185,3.1,2.02,3.67,4.55,2.9714285714285715,1,1,0,1,1,1
43,2159000,860,735920,43,2,2,3408,2407,2446,2.45,4.07,4.62,2.28,3.87,2.7333333333333334,1,1,1,1,1,1
88,2159000,860,1850426,88,5,5,8865,6158,6197,2.45,4.07,4.62,2.28,3.87,2.7333333333333334,1,1,1,1,1,1
77,2159000,860,1578836,77,4,4,7596,5260,5295,2.45,4.07,4.62,2.28,3.87,2.7333333333333334,1,1,1,1,1,1
51,9983000,326,430330,51,0,0,456,1235,1259,2.575,1.33,1.92,3.88,3.13,2.9722222222222223,1,1,0,1,1,1
133,9983000,326,1793435,133,1,1,1916,5314,5340,2.575,1.33,1.92,3.88,3.13,2.9722222222222223,1,1,0,1,1,1
9,9983000,326,295,9,0,0,0,0,0,2.575,1.33,1.92,3.88,3.13,2.9722222222222223,1,1,0,1,1,1
1,9617000,1727,297,1,0,0,0,0,0,2.4299999999999997,2.49,2.67,2.09,2.57,3.0454545454545454,1,1,1,0,1,1
90,9617000,1727,809476,90,2,2,1631,2311,2330,2.4299999999999997,2.49,2.67,2.09,2.57,3.0454545454545454,1,1,1,0,1,1
109,9617000,1727,1018795,109,2,2,2020,2881,2890,2.4299999999999997,2.49,2.67,2.09,2.57,3.0454545454545454,1,1,1,0,1,1
477,2353000,262,1065681,477,3,0,1122,3252,3254,1.715,2.39,1.46,3.29,1.846781225886737,2.2,1,0,0,1,1,1
86,2353000,262,173147,86,1,0,151,490,492,1.715,2.39,1.46,3.29,2.29,2.2,1,0,0,1,1,1
56,2353000,262,101655,56,0,0,89,266,271,1.715,2.39,1.46,3.29,2.29,2.2,1,0,0,1,1,1
328,4960000,761,685866,328,5,5,2313,2244,2247,1.95,2.17,3.54,2.78,4.03,2.0,1,1,0,1,1,1
164,4960000,761,329726,164,2,2,1112,1093,1096,1.95,2.17,3.54,2.78,4.03,2.0,1,1,0,1,1,1
294,4960000,761,605776,294,5,5,2066,2005,2012,1.95,2.17,3.54,2.78,4.03,2.0,1,1,0,1,1,1
721,4765000,1509,2340439,721,1,1,1462,3916,3924,2.15,2.52,1.45,1.03,3.22,3.25,0,0,0,0,0,0
1409,4765000,1509,4530242,1409,1,1,2838,7697,7703,2.15,2.52,1.45,1.03,3.22,3.25,0,0,0,0,0,0
473,4765000,1509,1516747,473,1,1,942,2538,2543,2.15,2.52,1.45,1.03,3.22,3.25,0,0,0,0,0,0
131,3630000,1950,1287679,131,1,1,2745,4055,4070,2.3200000000000003,2.18,2.62,4.89,4.61,2.892857142857143,1,1,0,1,1,1
70,3630000,1950,528767,70,0,0,1125,1653,1677,2.3200000000000003,2.18,2.62,4.89,4.61,2.892857142857143,1,1,0,1,1,1
3,3630000,1950,319,3,0,0,0,0,0,2.3200000000000003,2.18,2.62,4.89,4.61,2.892857142857143,1,1,0,1,1,1
28,7940000,1974,163178,28,0,0,369,494,503,3.575,1.0,2.73,1.39,2.36,2.6470588235294117,1,1,1,0,1,1
14,7940000,1974,53503,14,0,0,118,164,174,3.575,1.0,2.73,1.39,2.36,2.6470588235294117,1,1,1,0,1,1
120,7940000,1974,890108,120,1,1,1979,2762,2774,3.575,1.0,2.73,1.39,2.36,2.6470588235294117,1,1,1,0,1,1
86,9236000,669,426280,86,1,1,1161,1068,1080,4.18,4.79,3.88,3.27,3.11,3.4545454545454546,1,1,1,1,1,1
145,9236000,669,782297,145,1,1,2099,1935,1944,4.18,4.79,3.88,3.27,3.11,3.4545454545454546,1,1,1,1,1,1
1,9236000,669,78,1,0,0,0,0,0,4.18,4.79,3.88,3.27,3.11,3.4545454545454546,1,1,1,1,1,1
48,7317000,525,405793,48,0,0,399,1151,1172,2.5949999999999998,4.29,1.47,4.07,3.3,3.1707317073170733,1,1,1,1,1,1
49,7317000,525,425293,49,0,0,411,1204,1237,2.5949999999999998,4.29,1.47,4.07,3.3,3.1707317073170733,1,1,1,1,1,1
6,7317000,525,329,6,0,0,0,0,0,2.5949999999999998,4.29,1.47,4.07,3.3,3.1707317073170733,1,1,1,1,1,1
143,115000,880,814968,143,1,1,1541,2075,2087,3.235,3.66,2.86,4.23,4.50125932839245,3.357142857142857,0,1,1,1,1,1
10,115000,880,204,10,0,0,0,0,0,3.235,3.66,2.86,4.23,4.96,3.357142857142857,0,1,1,1,1,1
136,115000,880,764730,136,1,1,1446,1957,1960,3.235,3.66,2.86,4.23,4.532894558005524,3.357142857142857,0,1,1,1,1,1
450,2475000,1638,1836773,450,0,0,1296,3724,3727,2.92,2.97,1.22,2.07,1.79,3.5,0,0,0,0,0,0
794,2475000,1638,3209462,794,1,1,2313,6697,6698,2.92,2.97,1.22,2.07,1.4949990326829545,3.5,0,0,0,0,0,0
796,2475000,1638,3215762,796,1,1,2316,6708,6709,2.92,2.97,1.22,2.07,1.4920105296166213,3.5,0,0,0,0,0,0
148,4128000,57,1192082,148,4,0,4077,2936,2948,4.065,4.66,4.19,1.49,3.040210552274239,3.2666666666666666,1,0,1,0,1,1
16,4128000,57,82011,16,1,0,239,155,165,4.065,4.66,4.19,1.49,3.33,3.2666666666666666,1,0,1,0,1,1
110,4128000,57,862760,110,4,0,2971,2101,2107,4.065,4.66,4.19,1.49,3.1580216970471358,3.2666666666666666,1,0,1,0,1,1
74,2584000,1303,507002,74,1,1,1738,1670,1681,3.7350000000000003,4.92,3.83,2.68,1.04,2.6,1,1,1,0,1,1
42,2584000,1303,225550,42,0,0,785,725,736,3.7350000000000003,4.92,3.83,2.68,1.04,2.6,1,1,1,0,1,1
41,2584000,1303,217750,41,0,0,747,697,710,3.7350000000000003,4.92,3.83,2.68,1.04,2.6,1,1,1,0,1,1
57,1694000,782,187124,57,0,0,501,469,475,3.3,3.99,3.47,4.25,3.86,3.3,1,1,1,1,1,1
0,1694000,782,0,0,0,0,0,0,0,3.3,3.99,3.47,4.25,3.86,3.3,1,1,1,1,1,1
16,1694000,782,71,16,0,0,0,0,0,3.3,3.99,3.47,4.25,3.86,3.3,1,1,1,1,1,1
199,2488000,127,2294081,199,8,0,2499,6931,6948,2.335,4.82,1.07,1.94,3.963918817300775,2.730769230769231,0,0,1,1,1,0
194,2488000,127,2231884,194,8,0,2435,6715,6735,2.335,4.82,1.07,1.94,3.983798009184672,2.730769230769231,0,0,1,1,1,0
187,2488000,127,2155393,187,8,0,2335,6469,6483,2.335,4.82,1.07,1.94,4.011796477070696,2.730769230769231,0,0,1,1,1,0
192,9738000,690,1825225,192,1,1,1643,4680,4694,3.76,1.34,1.57,2.92,4.21,3.3157894736842106,1,1,0,1,1,1
201,9738000,690,1911468,201,1,1,1723,4895,4906,3.76,1.34,1.57,2.92,4.21,3.3157894736842106,1,1,0,1,1,1
33,9738000,690,224987,33,0,0,200,540,553,3.76,1.34,1.57,2.92,4.21,3.3157894736842106,1,1,0,1,1,1
47,5850000,1874,282447,47,0,0,909,838,852,3.965,2.74,3.44,3.66,3.65,3.0,1,1,1,1,1,1
8,5850000,1874,125,8,0,0,0,0,0,3.965,2.74,3.44,3.66,3.65,3.0,1,1,1,1,1,1
69,5850000,1874,542702,69,1,1,1800,1666,1681,3.965,2.74,3.44,3.66,3.65,3.0,1,1,1,1,1,1
274,8491000,1485,283937,274,4,4,1240,1759,1762,1.505,3.27,2.69,3.97,1.91,1.0,1,1,0,1,1,1
377,8491000,1485,412627,377,5,5,1767,2521,2526,1.505,3.27,2.69,3.97,1.91,1.0,1,1,0,1,1,1
197,8491000,1485,188841,197,2,2,858,1222,1228,1.505,3.27,2.69,3.97,1.91,1.0,1,1,0,1,1,1
147,7023000,217,1460611,147,2,2,1489,3984,3999,3.96,3.57,1.36,1.51,4.01,3.0476190476190474,1,1,1,1,1,1
194,7023000,217,1952596,194,2,2,2007,5364,5382,3.96,3.57,1.36,1.51,4.01,3.0476190476190474,1,1,1,1,1,1
47,7023000,217,402113,47,0,0,400,1066,1090,3.96,3.57,1.36,1.51,4.01,3.0476190476190474,1,1,1,1,1,1
108,3599000,811,1729326,108,3,3,6648,4385,4410,3.085,4.77,4.29,2.06,1.76,3.3714285714285714,1,1,1,0,1,1
14,3599000,811,157,14,0,0,0,0,0,3.085,4.77,4.29,2.06,1.76,3.3714285714285714,1,1,1,0,1,1
32,3599000,811,343755,32,0,0,1270,836,858,3.085,4.77,4.29,2.06,1.76,3.3714285714285714,1,1,1,0,1,1
172,2278000,408,1237055,172,11,11,3906,3691,3701,1.98,3.42,3.22,2.49,2.63,2.823529411764706,1,1,1,1,1,1
51,2278000,408,283709,51,2,2,840,834,844,1.98,3.42,3.22,2.49,2.63,2.823529411764706,1,1,1,1,1,1
182,2278000,408,1312107,182,12,12,4185,3921,3933,1.98,3.42,3.22,2.49,2.63,2.823529411764706,1,1,1,1,1,1
64,6711000,1871,643480,64,1,1,2699,1847,1861,1.94,3.0,4.65,1.5,3.6,2.875,1,1,1,1,1,1
50,6711000,1871,474663,50,0,0,1989,1372,1384,1.94,3.0,4.65,1.5,3.6,2.875,1,1,1,1,1,1
56,6711000,1871,558603,56,1,1,2302,1563,1573,1.94,3.0,4.65,1.5,3.6,2.875,1,1,1,1,1,1
42,319000,1349,371916,42,0,0,778,1046,1082,3.675,4.46,2.6,4.28,3.2801398667100004,3.1020408163265305,0,1,1,1,1,1
111,319000,1349,1979793,111,2,2,4189,5705,5733,3.675,4.46,2.6,4.28,3.06133636359614,3.1020408163265305,0,1,1,1,1,1
71,319000,1349,1044226,71,1,1,2222,2975,3027,3.675,4.46,2.6,4.28,3.186335639248844,3.1020408163265305,0,1,1,1,1,1
1,2345000,1192,37,1,0,0,0,0,0,2.795,2.44,3.86,1.73,1.85,3.1842105263157894,1,1,1,0,1,1
97,2345000,1192,1718259,97,8,8,5044,4761,4794,2.795,2.44,3.86,1.73,1.85,3.1842105263157894,1,1,1,0,1,1
37,2345000,1192,571055,37,2,2,1658,1540,1570,2.795,2.44,3.86,1.73,1.85,3.1842105263157894,1,1,1,0,1,1
8,1870000,531,444,8,0,0,0,0,0,3.81,1.69,4.49,4.68,2.64,2.84,1,1,1,1,1,1
46,1870000,531,250288,46,0,0,1183,798,820,3.81,1.69,4.49,4.68,2.64,2.84,1,1,1,1,1,1
44,1870000,531,228988,44,0,0,1076,722,742,3.81,1.69,4.49,4.68,2.64,2.84,1,1,1,1,1,1
151,2017000,651,1104004,151,1,1,4243,2880,2892,2.76,4.2,4.81,2.84,1.85,3.2666666666666666,1,1,1,0,1,1
34,2017000,651,173649,34,0,0,671,429,441,2.76,4.2,4.81,2.84,1.85,3.2666666666666666,1,1,1,0,1,1
4,2017000,651,215,4,0,0,0,0,0,2.76,4.2,4.81,2.84,1.85,3.2666666666666666,1,1,1,0,1,1
33,8497000,1606,402165,33,0,0,1749,1188,1224,2.875,4.37,4.89,2.56,1.81,2.9047619047619047,1,1,1,0,1,1
51,8497000,1606,738633,51,0,0,3283,2297,2324,2.875,4.37,4.89,2.56,1.81,2.9047619047619047,1,1,1,0,1,1
13,8497000,1606,18665,13,0,0,68,30,48,2.875,4.37,4.89,2.56,1.81,2.9047619047619047,1,1,1,0,1,1
1901,6440000,1223,1047164,1901,1,0,1836,2713,2713,2.4050000000000002,4.16,2.8,4.48,1.9283444571204906,1.0,0,0,0,0,0,0
799,6440000,1223,422378,799,1,0,778,1129,1132,2.4050000000000002,4.16,2.8,4.48,3.8,1.0,0,0,0,0,0,0
1181,6440000,1223,670594,1181,1,0,1142,1684,1685,2.4050000000000002,4.16,2.8,4.48,3.8,1.0,0,0,0,0,0,0
24,6416000,447,171279,24,0,0,803,532,565,2.7800000000000002,4.11,4.57,2.74,3.19,2.8596491228070176,1,1,1,1,1,1
51,6416000,447,870921,51,5,5,3862,2610,2648,2.7800000000000002,4.11,4.57,2.74,3.19,2.8596491228070176,1,1,1,1,1,1
92,6416000,447,1918657,92,12,12,8500,5916,5955,2.7800000000000002,4.11,4.57,2.74,3.19,2.8596491228070176,1,1,1,1,1,1
135,7931000,523,1119324,135,12,12,2362,3205,3214,3.7,4.0,2.53,1.79,2.74,2.888888888888889,1,1,1,0,1,1
154,7931000,523,1276706,154,14,14,2712,3692,3704,3.7,4.0,2.53,1.79,2.74,2.888888888888889,1,1,1,0,1,1
116,7931000,523,958975,116,10,10,2013,2723,2737,3.7,4.0,2.53,1.79,2.74,2.888888888888889,1,1,1,0,1,1
49,2050000,1350,233912,49,0,0,478,661,675,3.365,1.04,2.41,3.33,4.11,3.066666666666667,1,1,0,1,1,1
171,2050000,1350,1144156,171,1,1,2329,3238,3247,3.365,1.04,2.41,3.33,4.11,3.066666666666667,1,1,0,1,1,1
169,2050000,1350,1130356,169,1,1,2294,3194,3203,3.365,1.04,2.41,3.33,4.11,3.066666666666667,1,1,0,1,1,1
42,2757000,1231,57135,42,0,0,122,145,159,3.5700000000000003,2.28,2.19,4.04,3.8,3.176470588235294,1,1,1,1,1,1
67,2757000,1231,271481,67,3,3,559,709,725,3.5700000000000003,2.28,2.19,4.04,3.8,3.176470588235294,1,1,1,1,1,1
32,2757000,1231,228,32,0,0,0,0,0,3.5700000000000003,2.28,2.19,4.04,3.8,3.176470588235294,1,1,1,1,1,1
325,9749000,330,338522,325,5,0,335,451,451,1.3,3.64,2.46,1.58,3.58,1.0,0,0,0,0,0,0
451,9749000,330,524364,451,5,0,448,647,648,1.3,3.64,2.46,1.58,3.171809547026549,1.0,0,0,0,0,0,0
67,9749000,330,70925,67,0,0,60,85,87,1.3,3.64,2.46,1.58,3.58,1.0,0,0,0,0,0,0
77,374000,1905,1602939,77,2,2,4932,4479,4521,3.46,4.88,3.16,1.05,2.434834728423342,3.0851063829787235,0,1,1,0,1,1
140,374000,1905,3060200,140,2,2,9245,8615,8641,3.46,4.88,3.16,1.05,2.2861001164312267,3.0851063829787235,0,1,1,0,1,1
61,374000,1905,1219747,61,1,1,3847,3501,3530,3.46,4.88,3.16,1.05,2.474125217901621,3.0851063829787235,0,1,1,0,1,1
313,2254000,1395,1516671,313,1,1,1741,4806,4818,2.345,3.11,1.65,1.69,3.8,2.4545454545454546,1,1,0,1,1,1
297,2254000,1395,1435670,297,1,1,1660,4556,4560,2.345,3.11,1.65,1.69,3.8,2.4545454545454546,1,1,0,1,1,1
102,2254000,1395,502614,102,0,0,531,1501,1516,2.345,3.11,1.65,1.69,3.8,2.4545454545454546,1,1,0,1,1,1
17,976000,170,14975,17,0,0,17,21,39,2.875,1.77,1.7,2.68,2.81,3.0,0,1,0,1,1,0
51,976000,170,554205,51,4,0,569,1631,1657,2.875,1.77,1.7,2.68,2.81,3.0,0,1,0,1,1,0
115,976000,170,1556487,115,10,4,1657,4524,4547,2.875,1.77,1.7,2.68,2.7051719308574147,3.0,0,1,0,1,1,0
34,6575000,559,188464,34,0,0,567,501,541,3.22,1.27,3.91,4.23,1.66,3.2181818181818183,1,1,1,1,1,1
55,6575000,559,766045,55,1,1,2332,2094,2135,3.22,1.27,3.91,4.23,1.66,3.2181818181818183,1,1,1,1,1,1
35,6575000,559,215014,35,0,0,660,578,619,3.22,1.27,3.91,4.23,1.66,3.2181818181818183,1,1,1,1,1,1
51,76000,1059,508847,51,5,5,974,1301,1319,3.8949999999999996,2.46,2.93,1.83,4.355735496163605,3.227272727272727,0,1,1,1,1,1
47,76000,1059,461462,47,4,4,887,1175,1189,3.8949999999999996,2.46,2.93,1.83,4.373202082770625,3.227272727272727,0,1,1,1,1,1
39,76000,1059,360079,39,4,4,719,939,950,3.8949999999999996,2.46,2.93,1.83,4.408345660938648,3.227272727272727,0,1,1,1,1,1
166,9027000,1104,181781,166,0,0,685,646,650,1.9300000000000002,2.87,3.53,3.88,3.74,2.0,1,1,1,1,1,1
284,9027000,1104,355517,284,1,1,1232,1146,1149,1.9300000000000002,2.87,3.53,3.88,3.74,2.0,1,1,1,1,1,1
320,9027000,1104,399765,320,1,1,1391,1291,1291,1.9300000000000002,2.87,3.53,3.88,3.74,2.0,1,1,1,1,1,1
45,6354000,640,362403,45,0,0,1343,907,943,3.615,4.94,4.01,4.41,1.07,3.38,0,0,0,0,0,0
46,6354000,640,387753,46,0,0,1440,981,1019,3.615,4.94,4.01,4.41,1.07,3.38,0,0,0,0,0,0
68,6354000,640,947624,68,2,2,3722,2496,2538,3.615,4.94,4.01,4.41,1.07,3.38,0,0,0,0,0,0
198,6663000,1379,134991,198,2,2,646,446,447,1.5,3.74,4.73,3.13,1.96,1.0,1,1,1,1,1,1
74,6663000,1379,26722,74,0,0,167,127,128,1.5,3.74,4.73,3.13,1.96,1.0,1,1,1,1,1,1
103,6663000,1379,51999,103,1,1,282,205,209,1.5,3.74,4.73,3.13,1.96,1.0,1,1,1,1,1,1
170,2645000,1844,904885,170,4,4,3535,3328,3338,3.52,2.35,3.17,4.15,2.1,2.411764705882353,1,1,1,1,1,1
152,2645000,1844,793424,152,4,4,3055,2916,2927,3.52,2.35,3.17,4.15,2.1,2.411764705882353,1,1,1,1,1,1
70,2645000,1844,260487,70,1,1,957,902,918,3.52,2.35,3.17,4.15,2.1,2.411764705882353,1,1,1,1,1,1
156,6753000,1228,361244,156,2,2,899,788,792,3.53,4.49,3.99,1.84,1.47,2.5,1,1,1,0,1,1
65,6753000,1228,145508,65,0,0,345,294,298,3.53,4.49,3.99,1.84,1.47,2.5,1,1,1,0,1,1
246,6753000,1228,557418,246,3,3,1442,1301,1306,3.53,4.49,3.99,1.84,1.47,2.5,1,1,1,0,1,1
339,2883000,123,418785,339,5,0,311,928,929,2.0549999999999997,2.42,1.64,2.78,3.117858646653926,1.5,0,0,0,0,0,0
1119,2883000,123,1298324,1119,5,0,1107,3130,3132,2.0549999999999997,2.42,1.64,2.78,1.428687477361534,1.5,0,0,0,0,0,0
651,2883000,123,775138,651,5,0,640,1814,1817,2.0549999999999997,2.42,1.64,2.78,2.2818587017245364,1.5,0,0,0,0,0,0
82,1013000,105,783137,82,1,0,2930,2710,2742,3.415,1.46,3.37,4.18,2.56,2.6052631578947367,0,0,1,1,1,0
106,1013000,105,1159720,106,1,0,4243,3994,4013,3.415,1.46,3.37,4.18,2.5345148933369557,2.6052631578947367,0,0,1,1,1,0
52,1013000,105,328986,52,0,0,1210,1114,1139,3.415,1.46,3.37,4.18,2.56,2.6052631578947367,0,0,1,1,1,0
173,4658000,832,648568,173,1,1,1786,1243,1244,3.45,3.83,4.84,4.73,4.43,4.166666666666667,1,1,1,1,1,1
179,4658000,832,673934,179,1,1,1864,1288,1292,3.45,3.83,4.84,4.73,4.43,4.166666666666667,1,1,1,1,1,1
21,4658000,832,458,21,0,0,0,0,0,3.45,3.83,4.84,4.73,4.43,4.166666666666667,1,1,1,1,1,1
180,2752000,1985,1631151,180,1,1,4289,4039,4047,3.44,1.12,3.42,1.85,3.4,3.3529411764705883,1,1,1,1,1,1
77,2752000,1985,643907,77,0,0,1677,1697,1710,3.44,1.12,3.42,1.85,3.4,3.3529411764705883,1,1,1,1,1,1
36,2752000,1985,265391,36,0,0,645,691,700,3.44,1.12,3.42,1.85,3.4,3.3529411764705883,1,1,1,1,1,1
66,7188000,1344,658733,66,0,0,1637,2268,2293,3.05,1.47,2.9,2.06,1.9,2.4838709677419355,1,1,0,0,1,1
103,7188000,1344,1114241,103,1,1,2792,3909,3927,3.05,1.47,2.9,2.06,1.9,2.4838709677419355,1,1,0,0,1,1
109,7188000,1344,1194228,109,1,1,2961,4161,4186,3.05,1.47,2.9,2.06,1.9,2.4838709677419355,1,1,0,0,1,1
107,5061000,638,858963,107,5,5,884,2611,2632,2.37,2.44,1.34,3.59,2.38,2.9545454545454546,1,1,0,1,1,1
122,5061000,638,1009261,122,6,6,1046,3067,3087,2.37,2.44,1.34,3.59,2.38,2.9545454545454546,1,1,0,1,1,1
9,5061000,638,422,9,0,0,0,0,0,2.37,2.44,1.34,3.59,2.38,2.9545454545454546,1,1,0,1,1,1
109,252000,403,1273898,109,4,4,2491,3452,3465,3.885,2.45,2.13,3.27,4.541036449326433,3.2222222222222223,0,1,1,1,1,1
13,252000,403,280,13,0,0,0,0,0,3.885,2.45,2.13,3.27,4.89,3.2222222222222223,0,1,1,1,1,1
70,252000,403,745859,70,2,2,1438,2008,2024,3.885,2.45,2.13,3.27,4.721727799410854,3.2222222222222223,0,1,1,1,1,1
59,2103000,1351,66194,59,0,0,75,110,112,2.365,2.88,2.27,4.45,4.0,3.5,1,1,1,1,1,1
139,2103000,1351,180444,139,0,0,248,323,325,2.365,2.88,2.27,4.45,4.0,3.5,1,1,1,1,1,1
209,2103000,1351,287525,209,1,1,395,516,519,2.365,2.88,2.27,4.45,4.0,3.5,1,1,1,1,1,1
64,9150000,473,453331,64,1,1,1266,1244,1263,3.8449999999999998,1.27,3.66,4.54,4.64,3.3214285714285716,1,1,1,1,1,1
22,9150000,473,179,22,0,0,0,0,0,3.8449999999999998,1.27,3.66,4.54,4.64,3.3214285714285716,1,1,1,1,1,1
33,9150000,473,8,33,0,0,0,0,0,3.8449999999999998,1.27,3.66,4.54,4.64,3.3214285714285716,1,1,1,1,1,1
11,5228000,1218,182,11,0,0,0,0,0,2.34,3.99,3.49,2.61,1.76,3.090909090909091,1,1,1,0,1,1
168,5228000,1218,895667,168,3,3,2538,2310,2323,2.34,3.99,3.49,2.61,1.76,3.090909090909091,1,1,1,0,1,1
101,5228000,1218,487025,101,1,1,1425,1311,1315,2.34,3.99,3.49,2.61,1.76,3.090909090909091,1,1,1,0,1,1
8,3953000,140,363,8,0,0,0,0,0,2.7350000000000003,3.37,4.68,1.04,1.79,2.769230769230769,1,0,1,0,1,1
109,3953000,140,693713,109,1,0,2683,1810,1820,2.7350000000000003,3.37,4.68,1.04,1.79,2.769230769230769,1,0,1,0,1,1
26,3953000,140,133178,26,0,0,488,315,325,2.7350000000000003,3.37,4.68,1.04,1.79,2.769230769230769,1,0,1,0,1,1
124,6511000,836,2523264,124,1,1,5078,6886,6912,2.8,2.05,2.12,3.63,4.51,3.26,1,1,0,1,1,1
75,6511000,836,1295783,75,0,0,2612,3511,3546,2.8,2.05,2.12,3.63,4.51,3.26,1,1,0,1,1,1
114,6511000,836,2277575,114,1,1,4615,6220,6246,2.8,2.05,2.12,3.63,4.51,3.26,1,1,0,1,1,1
60,2357000,1253,542836,60,1,1,2445,1785,1806,3.0700000000000003,3.34,4.28,3.5,3.69,2.7435897435897436,1,1,1,1,1,1
65,2357000,1253,623967,65,1,1,2808,2035,2058,3.0700000000000003,3.34,4.28,3.5,3.69,2.7435897435897436,1,1,1,1,1,1
72,2357000,1253,736317,72,1,1,3375,2419,2445,3.0700000000000003,3.34,4.28,3.5,3.69,2.7435897435897436,1,1,1,1,1,1
96,9866000,471,161962,96,0,0,383,489,493,3.5949999999999998,1.07,2.87,4.82,2.96,2.6666666666666665,1,1,1,1,1,1
102,9866000,471,183709,102,0,0,415,546,550,3.5949999999999998,1.07,2.87,4.82,2.96,2.6666666666666665,1,1,1,1,1,1
133,9866000,471,281069,133,0,0,590,775,779,3.5949999999999998,1.07,2.87,4.82,2.96,2.6666666666666665,1,1,1,1,1,1
24,4000,794,59066,24,0,0,33,83,88,3.535,4.26,1.44,1.78,1.0540618646073423,3.5,0,0,0,0,0,0
140,4000,794,394253,140,1,1,258,762,768,3.535,4.26,1.44,1.78,0.9385614997895025,3.5,0,0,0,0,0,0
176,4000,794,488737,176,2,2,343,944,947,3.535,4.26,1.44,1.78,0.9053579331467948,3.5,0,0,0,0,0,0
29,7945000,517,90060,29,0,0,84,205,212,2.895,2.49,1.55,2.48,1.13,3.3846153846153846,0,0,0,0,0,0
24,7945000,517,53330,24,0,0,53,107,113,2.895,2.49,1.55,2.48,1.13,3.3846153846153846,0,0,0,0,0,0
18,7945000,517,6732,18,0,0,5,21,25,2.895,2.49,1.55,2.48,1.13,3.3846153846153846,0,0,0,0,0,0
1514,4352000,1325,1941059,1514,12,0,2327,2208,2209,2.2,3.26,3.84,1.98,2.9383642249530606,3.0,0,0,0,0,0,0
817,4352000,1325,1099809,817,8,0,1231,1189,1189,2.2,3.26,3.84,1.98,3.55,3.0,0,0,0,0,0,0
437,4352000,1325,594656,437,4,0,648,618,620,2.2,3.26,3.84,1.98,3.55,3.0,0,0,0,0,0,0
284,7169000,846,385907,284,3,3,749,726,726,4.24,2.74,3.02,4.72,1.8,3.5,1,1,1,1,1,1
23,7169000,846,313,23,0,0,0,0,0,4.24,2.74,3.02,4.72,1.8,3.5,1,1,1,1,1,1
160,7169000,846,206731,160,1,1,396,377,380,4.24,2.74,3.02,4.72,1.8,3.5,1,1,1,1,1,1
67,4192000,318,1067546,67,2,2,3281,3087,3117,3.96,3.15,3.07,1.97,4.6,3.1666666666666665,1,1,1,1,1,1
62,4192000,318,980570,62,2,2,3021,2834,2873,3.96,3.15,3.07,1.97,4.6,3.1666666666666665,1,1,1,1,1,1
39,4192000,318,559139,39,1,1,1795,1655,1680,3.96,3.15,3.07,1.97,4.6,3.1666666666666665,1,1,1,1,1,1
255,7543000,1561,247140,255,0,0,115,335,336,2.77,1.78,1.04,3.47,2.23,2.0,0,0,0,0,0,0
1397,7543000,1561,1242586,1397,2,0,675,1949,1950,2.77,1.78,1.04,3.47,2.23,2.0,0,0,0,0,0,0
1205,7543000,1561,1068222,1205,2,0,578,1685,1685,2.77,1.78,1.04,3.47,2.23,2.0,0,0,0,0,0,0
488,5986000,1852,427606,488,0,0,468,575,575,4.04,2.26,2.28,4.76,3.01,4.0,0,0,0,0,0,0
2675,5986000,1852,2625099,2675,1,0,2635,3583,3584,4.04,2.26,2.28,4.76,1.3211839999514003,4.0,0,0,0,0,0,0
1262,5986000,1852,1203069,1262,1,0,1207,1615,1617,4.04,2.26,2.28,4.76,3.01,4.0,0,0,0,0,0,0
193,8774000,1611,2167466,193,1,1,2257,6246,6265,2.9,2.05,1.1,1.85,4.59,2.9166666666666665,1,1,0,1,1,1
550,8774000,1611,6254103,550,1,1,6567,18182,18202,2.9,2.05,1.1,1.85,4.59,2.9166666666666665,1,1,0,1,1,1
528,8774000,1611,5986119,528,1,1,6298,17459,17470,2.9,2.05,1.1,1.85,4.59,2.9166666666666665,1,1,0,1,1,1
8,4162000,53,187,8,0,0,0,0,0,3.17,1.1,3.35,3.8,4.96,3.52,1,0,1,1,1,1
112,4162000,53,1238500,112,1,0,3376,3145,3174,3.17,1.1,3.35,3.8,4.675687548175091,3.52,1,0,1,1,1,1
61,4162000,53,544957,61,1,0,1476,1382,1398,3.17,1.1,3.35,3.8,4.9204586025869235,3.52,1,0,1,1,1,1
1464,1580000,430,4669251,1464,2,0,3599,9908,9915,3.25,1.19,1.43,2.24,1.7307876469792456,3.2,0,0,0,0,0,0
62,1580000,430,156855,62,0,0,109,306,312,3.25,1.19,1.43,2.24,4.87,3.2,0,0,0,0,0,0
1207,1580000,430,3844051,1207,2,0,2966,8155,8163,3.25,1.19,1.43,2.24,2.2382743240185174,3.2,0,0,0,0,0,0
128,2074000,907,2180432,128,1,1,4557,6032,6057,2.535,4.41,2.28,2.64,3.568513778253828,3.175,0,1,1,1,1,1
0,2074000,907,0,0,0,0,0,0,0,2.535,4.41,2.28,2.64,3.59,3.175,0,1,1,1,1,1
20,2074000,907,76267,20,0,0,169,193,225,2.535,4.41,2.28,2.64,3.59,3.175,0,1,1,1,1,1
586,2993000,1171,1074056,586,12,12,890,2406,2408,1.955,3.46,1.78,1.33,2.32,2.0,1,1,0,0,1,1
227,2993000,1171,408014,227,4,4,355,913,913,1.955,3.46,1.78,1.33,2.32,2.0,1,1,0,0,1,1
237,2993000,1171,421117,237,4,4,372,951,952,1.955,3.46,1.78,1.33,2.32,2.0,1,1,0,0,1,1
68,9703000,1534,642838,68,1,1,2484,1824,1835,3.395,4.1,4.67,1.01,3.46,2.857142857142857,1,1,1,0,1,1
2,9703000,1534,45,2,0,0,0,0,0,3.395,4.1,4.67,1.01,3.46,2.857142857142857,1,1,1,0,1,1
24,9703000,1534,198739,24,0,0,730,522,541,3.395,4.1,4.67,1.01,3.46,2.857142857142857,1,1,1,0,1,1
91,342000,537,344528,91,1,1,386,1093,1099,3.4899999999999998,1.08,1.61,3.4,2.8871100000000003,2.6666666666666665,0,1,0,1,1,1
12,342000,537,216,12,0,0,0,0,0,3.4899999999999998,1.08,1.61,3.4,2.89,2.6666666666666665,0,1,0,1,1,1
68,342000,537,216172,68,0,0,258,674,684,3.4899999999999998,1.08,1.61,3.4,2.89,2.6666666666666665,0,1,0,1,1,1
24,7851000,616,388,24,0,0,0,0,0,3.215,4.59,3.85,3.53,2.21,2.6470588235294117,1,1,1,1,1,1
9,7851000,616,319,9,0,0,0,0,0,3.215,4.59,3.85,3.53,2.21,2.6470588235294117,1,1,1,1,1,1
90,7851000,616,451416,90,1,1,1688,1500,1514,3.215,4.59,3.85,3.53,2.21,2.6470588235294117,1,1,1,1,1,1
114,3350000,454,1877801,114,2,2,3736,5062,5090,2.44,4.01,2.88,2.35,1.92,3.2432432432432434,1,1,1,0,1,1
115,3350000,454,1895801,115,2,2,3780,5112,5137,2.44,4.01,2.88,2.35,1.92,3.2432432432432434,1,1,1,0,1,1
59,3350000,454,836174,59,1,1,1687,2271,2300,2.44,4.01,2.88,2.35,1.92,3.2432432432432434,1,1,1,0,1,1
576,3763000,1493,2057444,576,9,9,1947,5366,5374,2.46,4.28,1.01,4.2,2.33,3.142857142857143,1,1,1,1,1,1
560,3763000,1493,1993685,560,9,9,1894,5222,5227,2.46,4.28,1.01,4.2,2.33,3.142857142857143,1,1,1,1,1,1
299,3763000,1493,1014345,299,7,7,982,2706,2707,2.46,4.28,1.01,4.2,2.33,3.142857142857143,1,1,1,1,1,1
57,4192000,1361,214215,57,0,0,151,472,478,4.305,2.41,1.66,4.89,2.03,4.2,1,1,1,1,1,1
8,4192000,1361,231,8,0,0,0,0,0,4.305,2.41,1.66,4.89,2.03,4.2,1,1,1,1,1,1
62,4192000,1361,245715,62,0,0,173,550,559,4.305,2.41,1.66,4.89,2.03,4.2,1,1,1,1,1,1
1,7804000,1276,243,1,0,0,0,0,0,2.1799999999999997,1.73,2.45,4.85,2.49,3.090909090909091,1,1,0,1,1,1
25,7804000,1276,380,25,0,0,0,0,0,2.1799999999999997,1.73,2.45,4.85,2.49,3.090909090909091,1,1,0,1,1,1
131,7804000,1276,514496,131,2,2,1076,1503,1511,2.1799999999999997,1.73,2.45,4.85,2.49,3.090909090909091,1,1,0,1,1,1
4,2893000,352,79,4,0,0,0,0,0,2.8,4.52,1.44,2.83,4.94,3.2142857142857144,1,1,1,1,1,1
94,2893000,352,1067356,94,1,1,1033,2941,2963,2.8,4.52,1.44,2.83,4.94,3.2142857142857144,1,1,1,1,1,1
19,2893000,352,13807,19,0,0,15,23,40,2.8,4.52,1.44,2.83,4.94,3.2142857142857144,1,1,1,1,1,1
99,8529000,1593,525917,99,10,10,1595,1385,1396,3.96,3.81,3.02,3.28,3.62,3.076923076923077,1,1,1,1,1,1
67,8529000,1593,309974,67,6,6,965,839,848,3.96,3.81,3.02,3.28,3.62,3.076923076923077,1,1,1,1,1,1
109,8529000,1593,590291,109,11,11,1810,1577,1590,3.96,3.81,3.02,3.28,3.62,3.076923076923077,1,1,1,1,1,1
28,6293000,312,16525,28,0,0,85,46,51,2.29,2.14,4.96,4.5,1.88,2.75,0,0,0,0,0,0
46,6293000,312,87709,46,0,0,349,276,281,2.29,2.14,4.96,4.5,1.88,2.75,0,0,0,0,0,0
37,6293000,312,56211,37,0,0,222,176,183,2.29,2.14,4.96,4.5,1.88,2.75,0,0,0,0,0,0
132,6727000,1537,241805,132,0,0,159,412,415,3.65,3.81,1.83,4.4,4.08,4.0,1,1,1,1,1,1
483,6727000,1537,1049245,483,1,1,707,1832,1834,3.65,3.81,1.83,4.4,4.08,4.0,1,1,1,1,1,1
289,6727000,1537,614928,289,1,1,400,1088,1092,3.65,3.81,1.83,4.4,4.08,4.0,1,1,1,1,1,1
248,6304000,832,437200,248,1,1,1078,1004,1006,2.1550000000000002,4.46,3.14,1.81,3.73,1.6666666666666667,1,1,1,1,1,1
223,6304000,832,393210,223,1,1,981,894,898,2.1550000000000002,4.46,3.14,1.81,3.73,1.6666666666666667,1,1,1,1,1,1
192,6304000,832,329010,192,1,1,841,745,749,2.1550000000000002,4.46,3.14,1.81,3.73,1.6666666666666667,1,1,1,1,1,1
55,5829000,1000,569232,55,2,2,1659,1498,1520,3.32,4.9,3.84,3.63,4.48,3.3,1,1,1,1,1,1
10,5829000,1000,428,10,0,0,0,0,0,3.32,4.9,3.84,3.63,4.48,3.3,1,1,1,1,1,1
108,5829000,1000,1372937,108,7,7,3984,3654,3678,3.32,4.9,3.84,3.63,4.48,3.3,1,1,1,1,1,1
229,8692000,158,307391,229,1,0,464,305,307,2.98,1.96,4.8,2.31,2.943315019872092,4.0,0,0,0,0,0,0
824,8692000,158,1176320,824,1,0,1640,1117,1117,2.98,1.96,4.8,2.31,1.6229391660683972,4.0,0,0,0,0,0,0
62,8692000,158,77360,62,0,0,110,56,57,2.98,1.96,4.8,2.31,3.16,4.0,0,0,0,0,0,0
41,6091000,1264,718797,41,0,0,751,2122,2153,2.465,2.84,1.58,1.21,3.68,2.9545454545454546,1,1,0,0,1,1
73,6091000,1264,1369539,73,0,0,1450,4140,4174,2.465,2.84,1.58,1.21,3.68,2.9545454545454546,1,1,0,0,1,1
202,6091000,1264,4046179,202,1,1,4361,11992,12026,2.465,2.84,1.58,1.21,3.68,2.9545454545454546,1,1,0,0,1,1
81,3798000,1898,798273,81,1,1,1347,1785,1797,3.895,2.19,2.05,3.64,4.5,3.857142857142857,1,1,1,1,1,1
9,3798000,1898,116,9,0,0,0,0,0,3.895,2.19,2.05,3.64,4.5,3.857142857142857,1,1,1,1,1,1
125,3798000,1898,1352466,125,1,1,2293,3042,3059,3.895,2.19,2.05,3.64,4.5,3.857142857142857,1,1,1,1,1,1
27,687000,226,78372,27,0,0,233,208,259,2.805,4.23,3.46,4.85,3.14,2.9310344827586206,0,1,1,1,1,1
33,687000,226,232181,33,0,0,794,684,716,2.805,4.23,3.46,4.85,3.14,2.9310344827586206,0,1,1,1,1,1
67,687000,226,1119140,67,1,1,3720,3441,3481,2.805,4.23,3.46,4.85,3.087044912253808,2.9310344827586206,0,1,1,1,1,1
107,5528000,826,1059492,107,12,12,1175,3334,3347,2.9699999999999998,1.78,1.99,4.63,3.59,2.9285714285714284,1,1,0,1,1,1
10,5528000,826,426,10,0,0,0,0,0,2.9699999999999998,1.78,1.99,4.63,3.59,2.9285714285714284,1,1,0,1,1,1
93,5528000,826,880524,93,10,10,973,2773,2791,2.9699999999999998,1.78,1.99,4.63,3.59,2.9285714285714284,1,1,0,1,1,1
