Top-Level Management Support,Project Planning,Team Commitment,Team Communication,Team Morale,Average Team Experience,General Expertise,Task Expertise,Methodology Expertise,Overall Expertise,Project Size,Budget,Schedule,Overall quality,Business and revenue generation,Functional suitability,Reliability,Performance efficiency,Operability,Security,Compatibility,Maintainability,Transferability,User satisfaction,Team satisfaction,Top-management satisfaction,Overall success
4.00 ,5.00 ,5.00 ,5.00 ,5.00 ,5.00 ,5.00 ,5.00 ,4.00 ,4.67 ,5.00 ,4.00 ,3.00 ,4.00 ,4.00 ,4.00 ,4.00 ,4.00 ,4.00 ,4.00 ,4.00 ,4.00 ,1.00 ,4.00 ,4.00 ,4.00 ,3.76 
4.00 ,4.00 ,4.00 ,4.00 ,2.00 ,4.00 ,4.00 ,4.00 ,4.00 ,4.00 ,5.00 ,4.00 ,4.00 ,3.00 ,4.00 ,4.00 ,4.00 ,3.00 ,3.00 ,4.00 ,3.00 ,4.00 ,3.00 ,4.00 ,4.00 ,4.00 ,3.65 
2.00 ,5.00 ,5.00 ,5.00 ,4.00 ,3.00 ,4.00 ,4.00 ,4.00 ,4.00 ,2.00 ,4.00 ,3.00 ,4.00 ,3.00 ,4.00 ,4.00 ,4.00 ,3.00 ,4.00 ,4.00 ,3.00 ,4.00 ,3.00 ,3.00 ,3.00 ,3.47 
3.00 ,4.00 ,4.00 ,5.00 ,4.00 ,5.00 ,5.00 ,5.00 ,5.00 ,5.00 ,2.00 ,3.00 ,3.00 ,3.00 ,3.00 ,3.00 ,4.00 ,3.00 ,4.00 ,3.00 ,4.00 ,3.00 ,3.00 ,3.00 ,4.00 ,3.00 ,3.29 
2.00 ,5.00 ,3.00 ,4.00 ,4.00 ,3.00 ,5.00 ,4.00 ,3.00 ,4.00 ,3.00 ,3.00 ,3.00 ,4.00 ,3.00 ,4.00 ,4.00 ,3.00 ,4.00 ,2.00 ,4.00 ,3.00 ,2.00 ,4.00 ,2.00 ,3.00 ,3.24 
2.00 ,5.00 ,5.00 ,4.00 ,2.00 ,4.00 ,4.00 ,4.00 ,4.00 ,4.00 ,3.00 ,3.00 ,2.00 ,3.00 ,4.00 ,4.00 ,4.00 ,3.00 ,3.00 ,2.00 ,3.00 ,3.00 ,3.00 ,3.00 ,3.00 ,4.00 ,3.24 
5.00 ,4.00 ,4.00 ,5.00 ,4.00 ,5.00 ,3.00 ,4.00 ,3.00 ,3.33 ,3.00 ,2.00 ,3.00 ,3.00 ,3.00 ,4.00 ,4.00 ,4.00 ,3.00 ,4.00 ,4.00 ,3.00 ,3.00 ,2.00 ,3.00 ,2.00 ,3.18 
4.00 ,4.00 ,4.00 ,4.00 ,3.00 ,3.00 ,4.00 ,4.00 ,3.00 ,3.67 ,4.00 ,4.00 ,2.00 ,3.00 ,3.00 ,4.00 ,4.00 ,4.00 ,3.00 ,3.00 ,3.00 ,3.00 ,3.00 ,3.00 ,3.00 ,3.00 ,3.18 
4.00 ,4.00 ,5.00 ,5.00 ,3.00 ,3.00 ,4.00 ,4.00 ,4.00 ,4.00 ,3.00 ,3.00 ,4.00 ,3.00 ,3.00 ,4.00 ,3.00 ,3.00 ,3.00 ,3.00 ,2.00 ,3.00 ,2.00 ,3.00 ,3.00 ,3.00 ,3.12 
4.00 ,5.00 ,4.00 ,4.00 ,4.00 ,3.00 ,3.00 ,4.00 ,4.00 ,3.67 ,1.00 ,4.00 ,3.00 ,3.00 ,2.00 ,3.00 ,3.00 ,3.00 ,3.00 ,3.00 ,3.00 ,3.00 ,3.00 ,3.00 ,3.00 ,4.00 ,3.12 
5.00 ,5.00 ,4.00 ,5.00 ,5.00 ,5.00 ,5.00 ,4.00 ,4.00 ,4.33 ,3.00 ,,4.00 ,3.00 ,3.00 ,4.00 ,4.00 ,3.00 ,3.00 ,3.00 ,3.00 ,3.00 ,2.00 ,3.00 ,3.00 ,4.00 ,3.12 
4.00 ,4.00 ,5.00 ,5.00 ,5.00 ,5.00 ,5.00 ,4.00 ,5.00 ,4.67 ,3.00 ,0.00 ,2.00 ,4.00 ,2.00 ,4.00 ,4.00 ,4.00 ,4.00 ,3.00 ,4.00 ,4.00 ,4.00 ,,4.00 ,3.00 ,3.12 
3.00 ,5.00 ,4.00 ,4.00 ,5.00 ,2.00 ,3.00 ,3.00 ,3.00 ,3.00 ,3.00 ,3.00 ,4.00 ,3.00 ,1.00 ,3.00 ,4.00 ,2.00 ,3.00 ,2.00 ,3.00 ,3.00 ,4.00 ,3.00 ,3.00 ,3.00 ,3.06 
3.00 ,5.00 ,4.00 ,4.00 ,4.00 ,3.00 ,5.00 ,5.00 ,4.00 ,4.67 ,2.00 ,3.00 ,3.00 ,3.00 ,,4.00 ,4.00 ,3.00 ,3.00 ,4.00 ,3.00 ,3.00 ,3.00 ,3.00 ,3.00 ,4.00 ,3.06 
2.00 ,5.00 ,4.00 ,4.00 ,2.00 ,2.00 ,5.00 ,4.00 ,4.00 ,4.33 ,2.00 ,4.00 ,4.00 ,2.00 ,2.00 ,2.00 ,3.00 ,3.00 ,3.00 ,2.00 ,3.00 ,4.00 ,3.00 ,3.00 ,4.00 ,3.00 ,3.00 
3.00 ,4.00 ,3.00 ,4.00 ,3.00 ,3.00 ,3.00 ,4.00 ,3.00 ,3.33 ,2.00 ,3.00 ,3.00 ,3.00 ,2.00 ,3.00 ,3.00 ,4.00 ,3.00 ,3.00 ,3.00 ,3.00 ,3.00 ,3.00 ,3.00 ,3.00 ,3.00 
2.00 ,5.00 ,4.00 ,4.00 ,4.00 ,3.00 ,4.00 ,5.00 ,3.00 ,4.00 ,2.00 ,4.00 ,3.00 ,3.00 ,4.00 ,4.00 ,3.00 ,3.00 ,3.00 ,,3.00 ,2.00 ,2.00 ,3.00 ,3.00 ,4.00 ,3.00 
3.00 ,5.00 ,4.00 ,4.00 ,3.00 ,5.00 ,4.00 ,5.00 ,4.00 ,4.33 ,3.00 ,3.00 ,2.00 ,4.00 ,3.00 ,3.00 ,3.00 ,3.00 ,3.00 ,3.00 ,3.00 ,4.00 ,,3.00 ,3.00 ,3.00 ,3.00 
4.00 ,3.00 ,4.00 ,4.00 ,,3.00 ,4.00 ,4.00 ,4.00 ,4.00 ,3.00 ,3.00 ,3.00 ,3.00 ,3.00 ,3.00 ,3.00 ,3.00 ,3.00 ,3.00 ,3.00 ,3.00 ,3.00 ,3.00 ,3.00 ,3.00 ,2.94 
4.00 ,5.00 ,5.00 ,5.00 ,4.00 ,4.00 ,5.00 ,5.00 ,5.00 ,5.00 ,4.00 ,3.00 ,2.00 ,3.00 ,3.00 ,3.00 ,3.00 ,3.00 ,3.00 ,3.00 ,3.00 ,3.00 ,3.00 ,3.00 ,3.00 ,3.00 ,2.94 
3.00 ,3.00 ,4.00 ,4.00 ,4.00 ,3.00 ,4.00 ,3.00 ,4.00 ,3.67 ,3.00 ,4.00 ,2.00 ,3.00 ,2.00 ,4.00 ,4.00 ,3.00 ,2.00 ,1.00 ,3.00 ,2.00 ,2.00 ,3.00 ,4.00 ,4.00 ,2.94 
4.00 ,5.00 ,4.00 ,5.00 ,4.00 ,4.00 ,4.00 ,3.00 ,5.00 ,4.00 ,3.00 ,3.00 ,3.00 ,3.00 ,3.00 ,4.00 ,3.00 ,4.00 ,3.00 ,1.00 ,0.00 ,3.00 ,2.00 ,3.00 ,4.00 ,4.00 ,2.94 
5.00 ,5.00 ,5.00 ,5.00 ,4.00 ,4.00 ,4.00 ,4.00 ,5.00 ,4.33 ,3.00 ,,4.00 ,3.00 ,4.00 ,3.00 ,3.00 ,2.00 ,3.00 ,4.00 ,3.00 ,3.00 ,2.00 ,3.00 ,3.00 ,3.00 ,2.94 
4.00 ,5.00 ,3.00 ,5.00 ,4.00 ,5.00 ,5.00 ,5.00 ,5.00 ,5.00 ,1.00 ,4.00 ,4.00 ,4.00 ,,,4.00 ,3.00 ,2.00 ,4.00 ,4.00 ,4.00 ,,4.00 ,3.00 ,4.00 ,2.94 
5.00 ,3.00 ,4.00 ,5.00 ,4.00 ,3.00 ,5.00 ,5.00 ,5.00 ,5.00 ,1.00 ,1.00 ,2.00 ,3.00 ,3.00 ,3.00 ,3.00 ,3.00 ,3.00 ,3.00 ,3.00 ,3.00 ,3.00 ,3.00 ,3.00 ,3.00 ,2.88 
1.00 ,3.00 ,3.00 ,3.00 ,3.00 ,2.00 ,4.00 ,4.00 ,4.00 ,4.00 ,1.00 ,3.00 ,3.00 ,2.00 ,3.00 ,3.00 ,3.00 ,3.00 ,3.00 ,2.00 ,3.00 ,4.00 ,4.00 ,3.00 ,2.00 ,2.00 ,2.88 
5.00 ,5.00 ,5.00 ,4.00 ,3.00 ,2.00 ,5.00 ,4.00 ,4.00 ,4.33 ,3.00 ,2.00 ,2.00 ,3.00 ,3.00 ,3.00 ,4.00 ,3.00 ,3.00 ,4.00 ,3.00 ,3.00 ,3.00 ,3.00 ,3.00 ,3.00 ,2.88 
4.00 ,4.00 ,4.00 ,4.00 ,3.00 ,4.00 ,4.00 ,3.00 ,5.00 ,4.00 ,3.00 ,3.00 ,2.00 ,3.00 ,3.00 ,4.00 ,3.00 ,1.00 ,3.00 ,4.00 ,4.00 ,3.00 ,3.00 ,3.00 ,2.00 ,3.00 ,2.88 
3.00 ,3.00 ,3.00 ,4.00 ,3.00 ,2.00 ,3.00 ,3.00 ,4.00 ,3.33 ,1.00 ,4.00 ,1.00 ,3.00 ,,4.00 ,4.00 ,3.00 ,4.00 ,4.00 ,4.00 ,2.00 ,3.00 ,,3.00 ,3.00 ,2.88 
3.00 ,2.00 ,4.00 ,4.00 ,2.00 ,2.00 ,2.00 ,3.00 ,4.00 ,3.00 ,2.00 ,3.00 ,2.00 ,3.00 ,2.00 ,3.00 ,3.00 ,3.00 ,4.00 ,3.00 ,3.00 ,3.00 ,3.00 ,3.00 ,3.00 ,3.00 ,2.82 
3.00 ,3.00 ,4.00 ,4.00 ,2.00 ,2.00 ,2.00 ,4.00 ,4.00 ,3.33 ,3.00 ,3.00 ,2.00 ,3.00 ,2.00 ,3.00 ,4.00 ,3.00 ,3.00 ,3.00 ,3.00 ,3.00 ,2.00 ,3.00 ,3.00 ,3.00 ,2.82 
1.00 ,5.00 ,4.00 ,5.00 ,4.00 ,3.00 ,4.00 ,4.00 ,4.00 ,4.00 ,3.00 ,4.00 ,3.00 ,3.00 ,3.00 ,3.00 ,3.00 ,2.00 ,3.00 ,3.00 ,3.00 ,3.00 ,1.00 ,3.00 ,3.00 ,3.00 ,2.82 
4.00 ,4.00 ,4.00 ,4.00 ,3.00 ,4.00 ,4.00 ,3.00 ,4.00 ,3.67 ,2.00 ,3.00 ,3.00 ,3.00 ,3.00 ,3.00 ,3.00 ,3.00 ,3.00 ,3.00 ,3.00 ,3.00 ,1.00 ,2.00 ,3.00 ,2.00 ,2.82 
2.00 ,4.00 ,4.00 ,4.00 ,3.00 ,4.00 ,4.00 ,4.00 ,4.00 ,4.00 ,3.00 ,3.00 ,4.00 ,3.00 ,3.00 ,3.00 ,3.00 ,2.00 ,3.00 ,3.00 ,3.00 ,3.00 ,3.00 ,3.00 ,2.00 ,3.00 ,2.82 
3.00 ,3.00 ,4.00 ,5.00 ,5.00 ,4.00 ,4.00 ,5.00 ,3.00 ,4.00 ,2.00 ,2.00 ,3.00 ,2.00 ,3.00 ,3.00 ,3.00 ,2.00 ,3.00 ,2.00 ,2.00 ,4.00 ,2.00 ,3.00 ,3.00 ,3.00 ,2.76 
4.00 ,3.00 ,3.00 ,3.00 ,3.00 ,3.00 ,3.00 ,3.00 ,3.00 ,3.00 ,3.00 ,4.00 ,4.00 ,2.00 ,3.00 ,3.00 ,3.00 ,3.00 ,3.00 ,3.00 ,2.00 ,2.00 ,2.00 ,3.00 ,2.00 ,3.00 ,2.76 
4.00 ,5.00 ,4.00 ,3.00 ,3.00 ,3.00 ,4.00 ,4.00 ,4.00 ,4.00 ,3.00 ,3.00 ,1.00 ,3.00 ,3.00 ,3.00 ,3.00 ,3.00 ,3.00 ,3.00 ,3.00 ,3.00 ,3.00 ,3.00 ,2.00 ,2.00 ,2.76 
5.00 ,3.00 ,4.00 ,3.00 ,5.00 ,2.00 ,4.00 ,4.00 ,4.00 ,4.00 ,1.00 ,2.00 ,2.00 ,3.00 ,1.00 ,3.00 ,4.00 ,4.00 ,3.00 ,4.00 ,3.00 ,4.00 ,0.00 ,3.00 ,3.00 ,2.00 ,2.76 
5.00 ,2.00 ,4.00 ,5.00 ,3.00 ,2.00 ,3.00 ,5.00 ,4.00 ,4.00 ,1.00 ,1.00 ,,4.00 ,2.00 ,4.00 ,4.00 ,2.00 ,4.00 ,4.00 ,1.00 ,3.00 ,3.00 ,4.00 ,2.00 ,2.00 ,2.76 
3.00 ,4.00 ,3.00 ,4.00 ,5.00 ,3.00 ,5.00 ,4.00 ,4.00 ,4.33 ,3.00 ,2.00 ,1.00 ,3.00 ,3.00 ,3.00 ,3.00 ,2.00 ,2.00 ,4.00 ,3.00 ,3.00 ,1.00 ,3.00 ,3.00 ,3.00 ,2.71 
4.00 ,3.00 ,4.00 ,3.00 ,3.00 ,2.00 ,3.00 ,4.00 ,3.00 ,3.33 ,2.00 ,4.00 ,4.00 ,3.00 ,1.00 ,4.00 ,4.00 ,3.00 ,3.00 ,,2.00 ,3.00 ,0.00 ,4.00 ,3.00 ,2.00 ,2.71 
4.00 ,5.00 ,4.00 ,2.00 ,3.00 ,1.00 ,3.00 ,3.00 ,3.00 ,3.00 ,3.00 ,2.00 ,4.00 ,3.00 ,4.00 ,3.00 ,3.00 ,3.00 ,3.00 ,2.00 ,2.00 ,3.00 ,3.00 ,3.00 ,3.00 ,3.00 ,2.71 
5.00 ,5.00 ,5.00 ,4.00 ,3.00 ,3.00 ,4.00 ,4.00 ,4.00 ,4.00 ,3.00 ,4.00 ,4.00 ,3.00 ,4.00 ,4.00 ,3.00 ,2.00 ,2.00 ,3.00 ,2.00 ,2.00 ,1.00 ,3.00 ,3.00 ,3.00 ,2.71 
2.00 ,3.00 ,5.00 ,5.00 ,3.00 ,2.00 ,3.00 ,4.00 ,3.00 ,3.33 ,1.00 ,4.00 ,4.00 ,2.00 ,3.00 ,3.00 ,2.00 ,2.00 ,,2.00 ,3.00 ,2.00 ,3.00 ,2.00 ,3.00 ,3.00 ,2.65 
1.00 ,5.00 ,5.00 ,4.00 ,2.00 ,5.00 ,4.00 ,4.00 ,4.00 ,4.00 ,3.00 ,1.00 ,1.00 ,4.00 ,3.00 ,4.00 ,4.00 ,4.00 ,4.00 ,,4.00 ,4.00 ,4.00 ,,2.00 ,2.00 ,2.65 
4.00 ,4.00 ,4.00 ,3.00 ,3.00 ,4.00 ,3.00 ,3.00 ,3.00 ,3.00 ,2.00 ,4.00 ,4.00 ,2.00 ,1.00 ,3.00 ,2.00 ,2.00 ,3.00 ,2.00 ,2.00 ,2.00 ,3.00 ,3.00 ,2.00 ,3.00 ,2.59 
,5.00 ,4.00 ,4.00 ,2.00 ,3.00 ,4.00 ,4.00 ,3.00 ,3.67 ,3.00 ,3.00 ,1.00 ,3.00 ,3.00 ,3.00 ,3.00 ,2.00 ,4.00 ,0.00 ,3.00 ,2.00 ,0.00 ,3.00 ,3.00 ,4.00 ,2.59 
5.00 ,4.00 ,5.00 ,5.00 ,4.00 ,5.00 ,5.00 ,5.00 ,5.00 ,5.00 ,5.00 ,,2.00 ,3.00 ,4.00 ,4.00 ,3.00 ,2.00 ,3.00 ,4.00 ,3.00 ,2.00 ,1.00 ,1.00 ,3.00 ,3.00 ,2.59 
2.00 ,3.00 ,3.00 ,3.00 ,3.00 ,2.00 ,3.00 ,3.00 ,3.00 ,3.00 ,3.00 ,3.00 ,2.00 ,3.00 ,3.00 ,3.00 ,3.00 ,3.00 ,3.00 ,2.00 ,3.00 ,2.00 ,1.00 ,2.00 ,2.00 ,2.00 ,2.53 
5.00 ,4.00 ,3.00 ,4.00 ,4.00 ,4.00 ,4.00 ,4.00 ,4.00 ,4.00 ,3.00 ,0.00 ,0.00 ,3.00 ,1.00 ,3.00 ,3.00 ,3.00 ,3.00 ,3.00 ,3.00 ,3.00 ,3.00 ,3.00 ,3.00 ,3.00 ,2.53 
3.00 ,4.00 ,4.00 ,4.00 ,3.00 ,2.00 ,4.00 ,4.00 ,3.00 ,3.67 ,3.00 ,1.00 ,1.00 ,3.00 ,3.00 ,4.00 ,3.00 ,2.00 ,3.00 ,2.00 ,3.00 ,2.00 ,1.00 ,3.00 ,3.00 ,3.00 ,2.53 
5.00 ,4.00 ,5.00 ,5.00 ,5.00 ,,3.00 ,1.00 ,3.00 ,2.33 ,2.00 ,3.00 ,3.00 ,2.00 ,,3.00 ,3.00 ,3.00 ,3.00 ,2.00 ,3.00 ,2.00 ,3.00 ,4.00 ,3.00 ,3.00 ,2.53 
3.00 ,3.00 ,4.00 ,3.00 ,4.00 ,5.00 ,4.00 ,4.00 ,3.00 ,3.67 ,3.00 ,3.00 ,3.00 ,3.00 ,2.00 ,3.00 ,3.00 ,3.00 ,2.00 ,1.00 ,,3.00 ,2.00 ,3.00 ,3.00 ,3.00 ,2.53 
3.00 ,5.00 ,4.00 ,5.00 ,4.00 ,3.00 ,5.00 ,2.00 ,4.00 ,3.67 ,3.00 ,2.00 ,1.00 ,3.00 ,2.00 ,2.00 ,2.00 ,3.00 ,1.00 ,4.00 ,3.00 ,4.00 ,4.00 ,2.00 ,1.00 ,2.00 ,2.47 
5.00 ,3.00 ,4.00 ,4.00 ,4.00 ,3.00 ,4.00 ,4.00 ,4.00 ,4.00 ,,1.00 ,2.00 ,3.00 ,1.00 ,2.00 ,3.00 ,3.00 ,3.00 ,3.00 ,3.00 ,3.00 ,3.00 ,3.00 ,2.00 ,1.00 ,2.47 
4.00 ,5.00 ,4.00 ,4.00 ,4.00 ,3.00 ,3.00 ,3.00 ,4.00 ,3.33 ,5.00 ,4.00 ,3.00 ,3.00 ,3.00 ,2.00 ,2.00 ,2.00 ,3.00 ,3.00 ,4.00 ,2.00 ,3.00 ,,2.00 ,2.00 ,2.47 
3.00 ,5.00 ,,4.00 ,2.00 ,2.00 ,3.00 ,4.00 ,3.00 ,3.33 ,3.00 ,4.00 ,4.00 ,3.00 ,,2.00 ,3.00 ,3.00 ,2.00 ,2.00 ,2.00 ,3.00 ,1.00 ,2.00 ,2.00 ,3.00 ,2.47 
2.00 ,5.00 ,4.00 ,4.00 ,3.00 ,4.00 ,4.00 ,4.00 ,4.00 ,4.00 ,3.00 ,,1.00 ,3.00 ,3.00 ,3.00 ,2.00 ,2.00 ,3.00 ,3.00 ,3.00 ,2.00 ,1.00 ,3.00 ,3.00 ,3.00 ,2.47 
4.00 ,4.00 ,3.00 ,4.00 ,4.00 ,3.00 ,4.00 ,4.00 ,3.00 ,3.67 ,2.00 ,4.00 ,2.00 ,3.00 ,,3.00 ,3.00 ,2.00 ,2.00 ,3.00 ,,2.00 ,2.00 ,3.00 ,3.00 ,3.00 ,2.47 
4.00 ,3.00 ,4.00 ,3.00 ,3.00 ,2.00 ,3.00 ,3.00 ,3.00 ,3.00 ,1.00 ,,2.00 ,3.00 ,,3.00 ,3.00 ,3.00 ,3.00 ,2.00 ,3.00 ,3.00 ,3.00 ,3.00 ,3.00 ,3.00 ,2.47 
3.00 ,5.00 ,4.00 ,4.00 ,3.00 ,1.00 ,3.00 ,4.00 ,3.00 ,3.33 ,3.00 ,3.00 ,4.00 ,3.00 ,3.00 ,3.00 ,3.00 ,1.00 ,1.00 ,1.00 ,1.00 ,3.00 ,0.00 ,3.00 ,2.00 ,4.00 ,2.41 
1.00 ,1.00 ,4.00 ,4.00 ,1.00 ,2.00 ,3.00 ,3.00 ,4.00 ,3.33 ,2.00 ,4.00 ,4.00 ,2.00 ,2.00 ,2.00 ,2.00 ,2.00 ,2.00 ,2.00 ,3.00 ,3.00 ,2.00 ,4.00 ,2.00 ,,2.41 
4.00 ,4.00 ,4.00 ,3.00 ,3.00 ,3.00 ,3.00 ,4.00 ,4.00 ,3.67 ,3.00 ,,4.00 ,3.00 ,4.00 ,3.00 ,2.00 ,2.00 ,2.00 ,2.00 ,3.00 ,2.00 ,2.00 ,3.00 ,2.00 ,2.00 ,2.41 
3.00 ,2.00 ,4.00 ,3.00 ,4.00 ,1.00 ,4.00 ,5.00 ,4.00 ,4.33 ,3.00 ,,1.00 ,3.00 ,3.00 ,4.00 ,3.00 ,2.00 ,2.00 ,2.00 ,3.00 ,4.00 ,2.00 ,3.00 ,3.00 ,,2.41 
3.00 ,3.00 ,3.00 ,2.00 ,4.00 ,3.00 ,5.00 ,4.00 ,5.00 ,4.67 ,3.00 ,1.00 ,3.00 ,2.00 ,3.00 ,4.00 ,2.00 ,3.00 ,2.00 ,4.00 ,3.00 ,0.00 ,3.00 ,2.00 ,0.00 ,3.00 ,2.35 
5.00 ,3.00 ,5.00 ,4.00 ,2.00 ,4.00 ,5.00 ,4.00 ,4.00 ,4.33 ,5.00 ,1.00 ,2.00 ,2.00 ,4.00 ,3.00 ,3.00 ,2.00 ,3.00 ,4.00 ,2.00 ,4.00 ,0.00 ,2.00 ,2.00 ,2.00 ,2.35 
3.00 ,4.00 ,3.00 ,3.00 ,4.00 ,2.00 ,5.00 ,4.00 ,5.00 ,4.67 ,2.00 ,3.00 ,3.00 ,2.00 ,3.00 ,3.00 ,3.00 ,2.00 ,1.00 ,2.00 ,3.00 ,3.00 ,1.00 ,2.00 ,1.00 ,3.00 ,2.35 
4.00 ,4.00 ,2.00 ,2.00 ,3.00 ,2.00 ,2.00 ,3.00 ,3.00 ,2.67 ,3.00 ,,3.00 ,2.00 ,3.00 ,3.00 ,3.00 ,2.00 ,2.00 ,2.00 ,2.00 ,2.00 ,3.00 ,1.00 ,3.00 ,4.00 ,2.35 
5.00 ,4.00 ,4.00 ,3.00 ,4.00 ,2.00 ,3.00 ,3.00 ,3.00 ,3.00 ,3.00 ,1.00 ,2.00 ,2.00 ,2.00 ,3.00 ,3.00 ,3.00 ,2.00 ,4.00 ,2.00 ,2.00 ,2.00 ,3.00 ,2.00 ,2.00 ,2.29 
3.00 ,4.00 ,4.00 ,3.00 ,3.00 ,2.00 ,2.00 ,3.00 ,2.00 ,2.33 ,3.00 ,3.00 ,4.00 ,2.00 ,2.00 ,3.00 ,2.00 ,2.00 ,2.00 ,2.00 ,2.00 ,2.00 ,2.00 ,2.00 ,1.00 ,2.00 ,2.29 
3.00 ,4.00 ,3.00 ,4.00 ,3.00 ,2.00 ,4.00 ,4.00 ,3.00 ,3.67 ,3.00 ,,4.00 ,3.00 ,,3.00 ,2.00 ,3.00 ,2.00 ,2.00 ,2.00 ,3.00 ,2.00 ,3.00 ,2.00 ,2.00 ,2.29 
5.00 ,5.00 ,5.00 ,5.00 ,3.00 ,3.00 ,4.00 ,4.00 ,4.00 ,4.00 ,3.00 ,,,2.00 ,2.00 ,4.00 ,3.00 ,2.00 ,2.00 ,3.00 ,3.00 ,3.00 ,2.00 ,3.00 ,3.00 ,4.00 ,2.29 
5.00 ,4.00 ,4.00 ,4.00 ,3.00 ,2.00 ,3.00 ,4.00 ,3.00 ,3.33 ,5.00 ,1.00 ,0.00 ,2.00 ,3.00 ,3.00 ,3.00 ,2.00 ,2.00 ,4.00 ,0.00 ,3.00 ,0.00 ,2.00 ,2.00 ,3.00 ,2.18 
3.00 ,4.00 ,2.00 ,3.00 ,2.00 ,2.00 ,3.00 ,4.00 ,3.00 ,3.33 ,3.00 ,,3.00 ,2.00 ,3.00 ,2.00 ,2.00 ,2.00 ,4.00 ,2.00 ,2.00 ,2.00 ,,2.00 ,2.00 ,2.00 ,2.18 
3.00 ,4.00 ,5.00 ,4.00 ,5.00 ,5.00 ,4.00 ,4.00 ,4.00 ,4.00 ,3.00 ,,,3.00 ,3.00 ,3.00 ,3.00 ,2.00 ,3.00 ,3.00 ,3.00 ,2.00 ,,3.00 ,3.00 ,3.00 ,2.18 
4.00 ,5.00 ,3.00 ,3.00 ,4.00 ,2.00 ,3.00 ,4.00 ,2.00 ,3.00 ,2.00 ,,3.00 ,3.00 ,3.00 ,3.00 ,3.00 ,3.00 ,,,3.00 ,3.00 ,,3.00 ,3.00 ,3.00 ,2.12 
5.00 ,4.00 ,5.00 ,1.00 ,2.00 ,5.00 ,4.00 ,5.00 ,4.00 ,4.33 ,2.00 ,4.00 ,3.00 ,4.00 ,2.00 ,,3.00 ,3.00 ,3.00 ,,2.00 ,,4.00 ,,,3.00 ,2.12 
3.00 ,3.00 ,3.00 ,3.00 ,2.00 ,2.00 ,2.00 ,3.00 ,2.00 ,2.33 ,4.00 ,,3.00 ,2.00 ,,2.00 ,2.00 ,2.00 ,3.00 ,4.00 ,2.00 ,2.00 ,2.00 ,2.00 ,2.00 ,2.00 ,2.06 
2.00 ,3.00 ,4.00 ,4.00 ,3.00 ,4.00 ,3.00 ,3.00 ,3.00 ,3.00 ,3.00 ,1.00 ,1.00 ,2.00 ,3.00 ,2.00 ,3.00 ,1.00 ,3.00 ,2.00 ,2.00 ,0.00 ,0.00 ,3.00 ,3.00 ,2.00 ,1.94 
2.00 ,2.00 ,3.00 ,3.00 ,4.00 ,,2.00 ,3.00 ,1.00 ,2.00 ,1.00 ,1.00 ,0.00 ,2.00 ,2.00 ,2.00 ,2.00 ,2.00 ,3.00 ,2.00 ,2.00 ,3.00 ,3.00 ,2.00 ,2.00 ,2.00 ,1.94 
3.00 ,2.00 ,3.00 ,3.00 ,4.00 ,2.00 ,4.00 ,3.00 ,2.00 ,3.00 ,1.00 ,,3.00 ,2.00 ,1.00 ,2.00 ,3.00 ,3.00 ,3.00 ,3.00 ,1.00 ,2.00 ,1.00 ,2.00 ,2.00 ,2.00 ,1.94 
5.00 ,3.00 ,5.00 ,3.00 ,3.00 ,2.00 ,3.00 ,4.00 ,3.00 ,3.33 ,4.00 ,,1.00 ,2.00 ,1.00 ,2.00 ,3.00 ,3.00 ,3.00 ,4.00 ,1.00 ,2.00 ,1.00 ,2.00 ,1.00 ,2.00 ,1.94 
5.00 ,5.00 ,4.00 ,4.00 ,2.00 ,4.00 ,3.00 ,4.00 ,4.00 ,3.67 ,2.00 ,1.00 ,1.00 ,2.00 ,2.00 ,2.00 ,2.00 ,3.00 ,2.00 ,2.00 ,3.00 ,,3.00 ,2.00 ,2.00 ,2.00 ,1.88 
3.00 ,3.00 ,2.00 ,4.00 ,1.00 ,2.00 ,2.00 ,2.00 ,3.00 ,2.33 ,2.00 ,,0.00 ,3.00 ,3.00 ,3.00 ,4.00 ,,3.00 ,4.00 ,3.00 ,4.00 ,,2.00 ,1.00 ,,1.88 
3.00 ,4.00 ,5.00 ,5.00 ,4.00 ,5.00 ,5.00 ,4.00 ,3.00 ,4.00 ,3.00 ,2.00 ,1.00 ,2.00 ,1.00 ,2.00 ,2.00 ,2.00 ,2.00 ,2.00 ,2.00 ,1.00 ,0.00 ,2.00 ,4.00 ,2.00 ,1.82 
3.00 ,4.00 ,3.00 ,4.00 ,2.00 ,3.00 ,2.00 ,3.00 ,2.00 ,2.33 ,3.00 ,,1.00 ,2.00 ,,3.00 ,2.00 ,2.00 ,2.00 ,3.00 ,2.00 ,1.00 ,2.00 ,2.00 ,2.00 ,1.00 ,1.76 
3.00 ,3.00 ,3.00 ,3.00 ,3.00 ,3.00 ,4.00 ,4.00 ,4.00 ,4.00 ,1.00 ,0.00 ,0.00 ,3.00 ,,,3.00 ,3.00 ,,2.00 ,3.00 ,3.00 ,,3.00 ,2.00 ,,1.71 
4.00 ,3.00 ,3.00 ,3.00 ,3.00 ,2.00 ,4.00 ,3.00 ,3.00 ,3.33 ,1.00 ,,,2.00 ,2.00 ,2.00 ,2.00 ,2.00 ,2.00 ,2.00 ,2.00 ,2.00 ,2.00 ,2.00 ,2.00 ,2.00 ,1.65 
1.00 ,4.00 ,3.00 ,2.00 ,2.00 ,2.00 ,3.00 ,3.00 ,2.00 ,2.67 ,3.00 ,,1.00 ,,,3.00 ,3.00 ,2.00 ,2.00 ,2.00 ,2.00 ,2.00 ,3.00 ,2.00 ,2.00 ,2.00 ,1.65 
4.00 ,2.00 ,4.00 ,4.00 ,4.00 ,2.00 ,3.00 ,4.00 ,4.00 ,3.67 ,2.00 ,,,3.00 ,4.00 ,4.00 ,1.00 ,3.00 ,2.00 ,1.00 ,2.00 ,1.00 ,2.00 ,2.00 ,,,1.65 
2.00 ,4.00 ,1.00 ,3.00 ,2.00 ,2.00 ,4.00 ,3.00 ,2.00 ,3.00 ,5.00 ,4.00 ,3.00 ,2.00 ,0.00 ,0.00 ,1.00 ,2.00 ,1.00 ,2.00 ,2.00 ,0.00 ,0.00 ,1.00 ,1.00 ,2.00 ,1.53 
2.00 ,4.00 ,4.00 ,4.00 ,3.00 ,,3.00 ,3.00 ,4.00 ,3.33 ,1.00 ,3.00 ,0.00 ,2.00 ,,2.00 ,2.00 ,1.00 ,3.00 ,3.00 ,3.00 ,1.00 ,,,,,1.53 
1.00 ,2.00 ,2.00 ,4.00 ,3.00 ,1.00 ,3.00 ,3.00 ,2.00 ,2.67 ,3.00 ,3.00 ,3.00 ,1.00 ,1.00 ,1.00 ,1.00 ,1.00 ,1.00 ,1.00 ,2.00 ,2.00 ,2.00 ,1.00 ,0.00 ,2.00 ,1.41 
1.00 ,1.00 ,2.00 ,1.00 ,1.00 ,1.00 ,4.00 ,4.00 ,2.00 ,3.33 ,1.00 ,,0.00 ,2.00 ,2.00 ,2.00 ,2.00 ,1.00 ,2.00 ,3.00 ,0.00 ,0.00 ,0.00 ,2.00 ,0.00 ,2.00 ,1.29 
2.00 ,2.00 ,3.00 ,3.00 ,2.00 ,2.00 ,4.00 ,4.00 ,3.00 ,3.67 ,1.00 ,,0.00 ,2.00 ,1.00 ,2.00 ,1.00 ,3.00 ,0.00 ,1.00 ,0.00 ,1.00 ,2.00 ,1.00 ,2.00 ,1.00 ,1.24 
3.00 ,2.00 ,3.00 ,3.00 ,2.00 ,2.00 ,2.00 ,1.00 ,4.00 ,2.33 ,4.00 ,0.00 ,0.00 ,0.00 ,,0.00 ,1.00 ,1.00 ,0.00 ,2.00 ,2.00 ,0.00 ,0.00 ,1.00 ,0.00 ,2.00 ,0.59 
5.00 ,2.00 ,5.00 ,5.00 ,3.00 ,4.00 ,1.00 ,3.00 ,3.00 ,2.33 ,1.00 ,0.00 ,0.00 ,1.00 ,0.00 ,0.00 ,,,0.00 ,3.00 ,,,,1.00 ,2.00 ,0.00 ,0.53 
